pid,has_bdf,stim_py,d_Control,d_One,d_Two,sfreq,n_ch,dur_s,n_256,n_512,n_1024,n_one_stim,n_two_stim,n_paired,n_1024_unpaired,uniq_codes
P01,True,P01_Stim.py,,215.0,225.0,1024.0,80.0,1127.0,40.0,40.0,368.0,160.0,160.0,320.0,48.0,"96,256,512,1024,2048,2144,4096"
P02,True,P02_Stim.py,233.0,221.0,242.0,2048.0,80.0,1096.0,40.0,40.0,320.0,160.0,160.0,320.0,0.0,"96,256,512,1024,2048,2144,4096"
P03,True,P03_Stim.py,276.0,236.0,246.0,1024.0,80.0,551.0,20.0,20.0,160.0,80.0,80.0,160.0,0.0,"96,256,512,1024,2048,2144,4096"
P04,True,P04_Stim.py,252.0,266.0,194.0,1024.0,80.0,1099.0,40.0,40.0,320.0,160.0,160.0,320.0,0.0,"96,256,512,1024,2048,2144,4096"
P05,True,P05_Stim.py,266.0,266.0,266.0,1024.0,80.0,40.0,2.0,1.0,12.0,8.0,4.0,12.0,0.0,"96,256,512,1024,2048,2144,4096"
P06,True,P06_Stim.py,225.0,266.0,290.0,1024.0,80.0,1105.0,40.0,40.0,320.0,160.0,160.0,320.0,0.0,"64,96,256,512,1024,2048,2144,4096"
P07,True,P07_Stim.py,262.0,266.0,266.0,1024.0,80.0,1122.0,38.0,44.0,321.0,145.0,176.0,321.0,0.0,"32,64,96,256,512,1024,2048,2144,4096"
P08,True,P08_Stim.py,240.0,252.0,211.0,1024.0,80.0,1108.0,40.0,40.0,320.0,160.0,160.0,320.0,0.0,"32,64,96,256,512,1024,2048,2144,4096"
P09,True,P09_Stim.py,245.0,180.0,180.0,1024.0,73.0,1096.0,40.0,40.0,320.0,160.0,160.0,320.0,0.0,"32,64,96,256,512,1024,2048,2144,4096"
P10,True,P10_Stim.py,210.0,263.0,263.0,1024.0,80.0,1435.0,52.0,52.0,416.0,208.0,208.0,416.0,0.0,"32,64,96,256,512,1024,2048,2144,4096"
P11,True,P11_Stim.py,246.0,211.0,191.0,2048.0,80.0,1102.0,40.0,40.0,320.0,160.0,160.0,320.0,0.0,"32,64,96,256,512,1024,2048,2144,4096"
P12,True,P12_Stim.py,176.0,167.0,98.0,1024.0,80.0,1100.0,40.0,40.0,320.0,160.0,160.0,320.0,0.0,"32,64,96,256,512,1024,2048,2144,4096"
P13,True,P13_Stim.py,241.0,241.0,241.0,1024.0,80.0,1100.0,40.0,40.0,320.0,160.0,160.0,320.0,0.0,"96,256,512,1024,2048,2144,4096"
P14,True,P14_Stim.py,266.0,225.0,256.0,1024.0,80.0,1097.0,40.0,40.0,320.0,160.0,160.0,320.0,0.0,"32,64,96,256,512,1024,2048,2144,4096"
P15,True,P15_Stim.py,258.0,248.0,263.0,1024.0,80.0,1101.0,40.0,40.0,320.0,160.0,160.0,320.0,0.0,"32,64,96,256,512,1024,2048,2144,4096"
P16,True,P16_Stim.py,262.0,277.0,277.0,1024.0,80.0,1104.0,40.0,40.0,320.0,160.0,160.0,320.0,0.0,"32,64,96,256,512,1024,2048,2144,4096"
P17,True,P17_Stim.py,282.0,276.0,275.0,1024.0,80.0,1108.0,40.0,40.0,320.0,160.0,160.0,320.0,0.0,"64,96,256,512,1024,2048,2144,4096"
P18,True,P18_Stim.py,245.0,245.0,215.0,1024.0,80.0,1100.0,40.0,40.0,320.0,160.0,160.0,320.0,0.0,"32,64,96,256,512,1024,2048,2144,4096"
P19,True,P19_Stim.py,205.0,219.0,266.0,1024.0,80.0,1135.0,40.0,40.0,361.0,160.0,160.0,320.0,41.0,"32,64,96,256,512,1024,1120,2048,2144,4096"
P21,True,P21_Stim.py,253.0,234.0,211.0,1024.0,80.0,1098.0,40.0,40.0,320.0,160.0,160.0,320.0,0.0,"32,64,96,256,512,1024,2048,2144,4096"
P22,True,P22_Stim.py,317.0,317.0,317.0,1024.0,80.0,1111.0,40.0,40.0,320.0,160.0,160.0,320.0,0.0,"32,64,96,256,512,1024,2048,2144,4096"
P23,True,P23_Stim.py,256.0,256.0,256.0,1024.0,80.0,1099.0,40.0,40.0,320.0,160.0,160.0,320.0,0.0,"64,96,256,512,1024,2048,2144,4096"
P24,True,P24_Stim.py,266.0,250.0,266.0,1024.0,80.0,1095.0,40.0,40.0,320.0,160.0,160.0,320.0,0.0,"32,64,96,256,512,1024,2048,2144,4096"
P25,True,P25_Stim.py,240.0,243.0,225.0,1024.0,80.0,1100.0,40.0,40.0,320.0,160.0,160.0,320.0,0.0,"32,64,96,256,512,1024,2048,2144,4096"
P26,False,,,,,,,,,,,,,,,
P27,True,P27_Stim.py,266.0,266.0,266.0,1024.0,80.0,1179.0,41.0,45.0,343.0,163.0,180.0,343.0,0.0,"32,64,96,256,512,1024,2048,2144,4096"
P28,True,P28_Stim.py,256.0,256.0,256.0,1024.0,80.0,1099.0,40.0,40.0,320.0,160.0,160.0,320.0,0.0,"32,64,96,256,512,1024,2048,2144,4096"
P29,True,P29_Stim.py,225.0,215.0,225.0,1024.0,80.0,1099.0,40.0,40.0,320.0,160.0,160.0,320.0,0.0,"32,64,96,256,512,1024,2048,2144,4096"
P30,True,P30_Stim.py,272.0,256.0,256.0,1024.0,80.0,1101.0,40.0,40.0,320.0,160.0,160.0,320.0,0.0,"32,64,96,256,512,1024,2048,2144,4096"
P31,True,P31_Stim.py,266.0,266.0,266.0,1024.0,80.0,1097.0,40.0,40.0,320.0,160.0,160.0,320.0,0.0,"32,64,96,256,512,1024,2048,2144,4096"
P33,True,P33_Stim.py,256.0,269.0,269.0,1024.0,80.0,1095.0,40.0,40.0,320.0,160.0,160.0,320.0,0.0,"32,64,96,256,512,1024,2048,2144,4096"
P35,True,P35_Stim.py,262.0,266.0,266.0,1024.0,80.0,1104.0,40.0,40.0,320.0,160.0,160.0,320.0,0.0,"32,64,96,256,512,1024,2048,2144,4096"
P37,True,P37_Stim.py,256.0,256.0,225.0,1024.0,80.0,1109.0,40.0,40.0,325.0,160.0,160.0,320.0,5.0,"32,64,96,256,512,1024,2048,2144,4096"
P39,True,P39_Stim.py,260.0,260.0,205.0,1024.0,80.0,733.0,23.0,31.0,214.0,92.0,122.0,214.0,0.0,"64,96,256,512,1024,2048,2144,4096"
