participant,model,sample_start,sample_stop,time_start_s,time_stop_s,baseline_auc,occluded_auc,delta_auc,baseline_accuracy,occluded_accuracy,delta_accuracy
P01,eegnet,0,64,0.0,0.0625,0.625625,0.6118750000000001,0.013749999999999929,0.6,0.6,0.0
P01,eegnet,64,128,0.0625,0.125,0.625625,0.6225,0.0031249999999999334,0.6,0.6125,-0.012500000000000067
P01,eegnet,128,192,0.125,0.1875,0.625625,0.625625,0.0,0.6,0.6125,-0.012500000000000067
P01,eegnet,192,256,0.1875,0.25,0.625625,0.5956250000000001,0.029999999999999916,0.6,0.575,0.025000000000000022
P01,eegnet,256,320,0.25,0.3125,0.625625,0.61875,0.0068749999999999645,0.6,0.6125,-0.012500000000000067
P01,eegnet,320,384,0.3125,0.375,0.625625,0.6268750000000001,-0.0012500000000000844,0.6,0.6,0.0
P01,eegnet,384,448,0.375,0.4375,0.625625,0.635,-0.009375000000000022,0.6,0.6,0.0
P01,eegnet,448,512,0.4375,0.5,0.625625,0.61625,0.009375000000000022,0.6,0.6125,-0.012500000000000067
P01,eegnet,512,576,0.5,0.5625,0.625625,0.635625,-0.010000000000000009,0.6,0.5875,0.012499999999999956
P01,eegnet,576,640,0.5625,0.625,0.625625,0.6074999999999999,0.018125000000000058,0.6,0.5875,0.012499999999999956
P01,eegnet,640,704,0.625,0.6875,0.625625,0.615,0.010624999999999996,0.6,0.625,-0.025000000000000022
P01,eegnet,704,768,0.6875,0.75,0.625625,0.634375,-0.008750000000000036,0.6,0.5875,0.012499999999999956
P01,eegnet,768,832,0.75,0.8125,0.625625,0.635,-0.009375000000000022,0.6,0.6,0.0
P01,eegnet,832,896,0.8125,0.875,0.625625,0.6287499999999999,-0.0031249999999999334,0.6,0.6125,-0.012500000000000067
P01,eegnet,896,960,0.875,0.9375,0.625625,0.623125,0.0024999999999999467,0.6,0.6125,-0.012500000000000067
P01,eegnet,960,1024,0.9375,1.0,0.625625,0.618125,0.007499999999999951,0.6,0.6,0.0
P01,eegnet,1024,1088,1.0,1.0625,0.625625,0.615625,0.010000000000000009,0.6,0.575,0.025000000000000022
P01,eegnet,1088,1152,1.0625,1.125,0.625625,0.63,-0.004375000000000018,0.6,0.5875,0.012499999999999956
P01,eegnet,1152,1216,1.125,1.1875,0.625625,0.6525,-0.026874999999999982,0.6,0.625,-0.025000000000000022
P01,eegnet,1216,1280,1.1875,1.25,0.625625,0.636875,-0.011249999999999982,0.6,0.6,0.0
P01,eegnet,1280,1344,1.25,1.3125,0.625625,0.66,-0.034375000000000044,0.6,0.6125,-0.012500000000000067
P01,eegnet,1344,1408,1.3125,1.375,0.625625,0.64875,-0.023125000000000062,0.6,0.6,0.0
P01,eegnet,1408,1472,1.375,1.4375,0.625625,0.605,0.020625000000000004,0.6,0.525,0.07499999999999996
P01,eegnet,1472,1536,1.4375,1.5,0.625625,0.63,-0.004375000000000018,0.6,0.6125,-0.012500000000000067
P01,eegnet,1536,1600,1.5,1.5625,0.625625,0.613125,0.012499999999999956,0.6,0.6,0.0
P01,eegnet,1600,1664,1.5625,1.625,0.625625,0.6431250000000001,-0.01750000000000007,0.6,0.6375,-0.03749999999999998
P01,eegnet,1664,1728,1.625,1.6875,0.625625,0.596875,0.028749999999999942,0.6,0.55,0.04999999999999993
P01,eegnet,1728,1792,1.6875,1.75,0.625625,0.60875,0.016874999999999973,0.6,0.6,0.0
P01,eegnet,1792,1856,1.75,1.8125,0.625625,0.6043749999999999,0.021250000000000102,0.6,0.625,-0.025000000000000022
P01,eegnet,1856,1920,1.8125,1.875,0.625625,0.6287499999999999,-0.0031249999999999334,0.6,0.575,0.025000000000000022
P01,eegnet,1920,1984,1.875,1.9375,0.625625,0.61,0.015625,0.6,0.625,-0.025000000000000022
P01,eegnet,1984,2048,1.9375,2.0,0.625625,0.6331249999999999,-0.007499999999999951,0.6,0.6375,-0.03749999999999998
P01,eegnet,2048,2049,2.0,2.0009765625,0.625625,0.62375,0.00187499999999996,0.6,0.6,0.0
P02,eegnet,0,64,0.0,0.0625,0.7125,0.71,0.0025000000000000577,0.6875,0.675,0.012499999999999956
P02,eegnet,64,128,0.0625,0.125,0.7125,0.713125,-0.0006249999999999867,0.6875,0.6375,0.050000000000000044
P02,eegnet,128,192,0.125,0.1875,0.7125,0.71875,-0.006249999999999978,0.6875,0.6875,0.0
P02,eegnet,192,256,0.1875,0.25,0.7125,0.696875,0.015625,0.6875,0.65,0.03749999999999998
P02,eegnet,256,320,0.25,0.3125,0.7125,0.711875,0.0006249999999999867,0.6875,0.6875,0.0
P02,eegnet,320,384,0.3125,0.375,0.7125,0.7050000000000001,0.007499999999999951,0.6875,0.625,0.0625
P02,eegnet,384,448,0.375,0.4375,0.7125,0.6974999999999999,0.015000000000000124,0.6875,0.6375,0.050000000000000044
P02,eegnet,448,512,0.4375,0.5,0.7125,0.7181249999999999,-0.00562499999999988,0.6875,0.6625,0.025000000000000022
P02,eegnet,512,576,0.5,0.5625,0.7125,0.7106250000000001,0.00187499999999996,0.6875,0.65,0.03749999999999998
P02,eegnet,576,640,0.5625,0.625,0.7125,0.70375,0.008750000000000036,0.6875,0.6375,0.050000000000000044
P02,eegnet,640,704,0.625,0.6875,0.7125,0.7068749999999999,0.005625000000000102,0.6875,0.625,0.0625
P02,eegnet,704,768,0.6875,0.75,0.7125,0.6787500000000001,0.03374999999999995,0.6875,0.625,0.0625
P02,eegnet,768,832,0.75,0.8125,0.7125,0.6924999999999999,0.02000000000000013,0.6875,0.6375,0.050000000000000044
P02,eegnet,832,896,0.8125,0.875,0.7125,0.7425,-0.030000000000000027,0.6875,0.675,0.012499999999999956
P02,eegnet,896,960,0.875,0.9375,0.7125,0.7199999999999999,-0.00749999999999984,0.6875,0.6875,0.0
P02,eegnet,960,1024,0.9375,1.0,0.7125,0.706875,0.005624999999999991,0.6875,0.6125,0.07499999999999996
P02,eegnet,1024,1088,1.0,1.0625,0.7125,0.7106250000000001,0.00187499999999996,0.6875,0.7,-0.012499999999999956
P02,eegnet,1088,1152,1.0625,1.125,0.7125,0.704375,0.008125000000000049,0.6875,0.6375,0.050000000000000044
P02,eegnet,1152,1216,1.125,1.1875,0.7125,0.674375,0.038125000000000075,0.6875,0.5875,0.09999999999999998
P02,eegnet,1216,1280,1.1875,1.25,0.7125,0.725625,-0.013124999999999942,0.6875,0.675,0.012499999999999956
P02,eegnet,1280,1344,1.25,1.3125,0.7125,0.690625,0.021874999999999978,0.6875,0.575,0.11250000000000004
P02,eegnet,1344,1408,1.3125,1.375,0.7125,0.713125,-0.0006249999999999867,0.6875,0.6875,0.0
P02,eegnet,1408,1472,1.375,1.4375,0.7125,0.696875,0.015625,0.6875,0.6625,0.025000000000000022
P02,eegnet,1472,1536,1.4375,1.5,0.7125,0.713125,-0.0006249999999999867,0.6875,0.675,0.012499999999999956
P02,eegnet,1536,1600,1.5,1.5625,0.7125,0.71,0.0025000000000000577,0.6875,0.7,-0.012499999999999956
P02,eegnet,1600,1664,1.5625,1.625,0.7125,0.719375,-0.0068749999999999645,0.6875,0.675,0.012499999999999956
P02,eegnet,1664,1728,1.625,1.6875,0.7125,0.696875,0.015625,0.6875,0.6125,0.07499999999999996
P02,eegnet,1728,1792,1.6875,1.75,0.7125,0.6887500000000001,0.023749999999999938,0.6875,0.65,0.03749999999999998
P02,eegnet,1792,1856,1.75,1.8125,0.7125,0.7106250000000001,0.00187499999999996,0.6875,0.6625,0.025000000000000022
P02,eegnet,1856,1920,1.8125,1.875,0.7125,0.6968750000000001,0.015624999999999889,0.6875,0.7125,-0.025000000000000022
P02,eegnet,1920,1984,1.875,1.9375,0.7125,0.68625,0.026249999999999996,0.6875,0.6625,0.025000000000000022
P02,eegnet,1984,2048,1.9375,2.0,0.7125,0.7106250000000001,0.00187499999999996,0.6875,0.6625,0.025000000000000022
P02,eegnet,2048,2049,2.0,2.0009765625,0.7125,0.7112499999999999,0.0012500000000000844,0.6875,0.6875,0.0
P03,eegnet,0,64,0.0,0.0625,0.660625,0.655625,0.0050000000000000044,0.5875,0.6,-0.012499999999999956
P03,eegnet,64,128,0.0625,0.125,0.660625,0.6562500000000001,0.004374999999999907,0.5875,0.6,-0.012499999999999956
P03,eegnet,128,192,0.125,0.1875,0.660625,0.6793750000000001,-0.018750000000000044,0.5875,0.6125,-0.025000000000000022
P03,eegnet,192,256,0.1875,0.25,0.660625,0.65625,0.004375000000000018,0.5875,0.6,-0.012499999999999956
P03,eegnet,256,320,0.25,0.3125,0.660625,0.660625,0.0,0.5875,0.6,-0.012499999999999956
P03,eegnet,320,384,0.3125,0.375,0.660625,0.666875,-0.006249999999999978,0.5875,0.575,0.012500000000000067
P03,eegnet,384,448,0.375,0.4375,0.660625,0.660625,0.0,0.5875,0.5875,0.0
P03,eegnet,448,512,0.4375,0.5,0.660625,0.65625,0.004375000000000018,0.5875,0.6,-0.012499999999999956
P03,eegnet,512,576,0.5,0.5625,0.660625,0.663125,-0.0024999999999999467,0.5875,0.6125,-0.025000000000000022
P03,eegnet,576,640,0.5625,0.625,0.660625,0.666875,-0.006249999999999978,0.5875,0.575,0.012500000000000067
P03,eegnet,640,704,0.625,0.6875,0.660625,0.6475000000000001,0.013124999999999942,0.5875,0.625,-0.03749999999999998
P03,eegnet,704,768,0.6875,0.75,0.660625,0.67,-0.009375000000000022,0.5875,0.575,0.012500000000000067
P03,eegnet,768,832,0.75,0.8125,0.660625,0.6599999999999999,0.0006250000000000977,0.5875,0.5875,0.0
P03,eegnet,832,896,0.8125,0.875,0.660625,0.668125,-0.007499999999999951,0.5875,0.6125,-0.025000000000000022
P03,eegnet,896,960,0.875,0.9375,0.660625,0.665625,-0.0050000000000000044,0.5875,0.6125,-0.025000000000000022
P03,eegnet,960,1024,0.9375,1.0,0.660625,0.63875,0.021874999999999978,0.5875,0.5625,0.025000000000000022
P03,eegnet,1024,1088,1.0,1.0625,0.660625,0.6556250000000001,0.004999999999999893,0.5875,0.5875,0.0
P03,eegnet,1088,1152,1.0625,1.125,0.660625,0.658125,0.0025000000000000577,0.5875,0.6,-0.012499999999999956
P03,eegnet,1152,1216,1.125,1.1875,0.660625,0.656875,0.003750000000000031,0.5875,0.625,-0.03749999999999998
P03,eegnet,1216,1280,1.1875,1.25,0.660625,0.589375,0.07125000000000004,0.5875,0.575,0.012500000000000067
P03,eegnet,1280,1344,1.25,1.3125,0.660625,0.653125,0.007500000000000062,0.5875,0.55,0.03749999999999998
P03,eegnet,1344,1408,1.3125,1.375,0.660625,0.6593749999999999,0.0012500000000000844,0.5875,0.5625,0.025000000000000022
P03,eegnet,1408,1472,1.375,1.4375,0.660625,0.6668750000000001,-0.006250000000000089,0.5875,0.575,0.012500000000000067
P03,eegnet,1472,1536,1.4375,1.5,0.660625,0.630625,0.030000000000000027,0.5875,0.6,-0.012499999999999956
P03,eegnet,1536,1600,1.5,1.5625,0.660625,0.633125,0.02749999999999997,0.5875,0.575,0.012500000000000067
P03,eegnet,1600,1664,1.5625,1.625,0.660625,0.6112500000000001,0.04937499999999995,0.5875,0.55,0.03749999999999998
P03,eegnet,1664,1728,1.625,1.6875,0.660625,0.6587500000000001,0.00187499999999996,0.5875,0.5875,0.0
P03,eegnet,1728,1792,1.6875,1.75,0.660625,0.6712499999999999,-0.010624999999999885,0.5875,0.6,-0.012499999999999956
P03,eegnet,1792,1856,1.75,1.8125,0.660625,0.658125,0.0025000000000000577,0.5875,0.6,-0.012499999999999956
P03,eegnet,1856,1920,1.8125,1.875,0.660625,0.6625000000000001,-0.001875000000000071,0.5875,0.625,-0.03749999999999998
P03,eegnet,1920,1984,1.875,1.9375,0.660625,0.6637500000000001,-0.0031250000000000444,0.5875,0.6125,-0.025000000000000022
P03,eegnet,1984,2048,1.9375,2.0,0.660625,0.691875,-0.03125,0.5875,0.625,-0.03749999999999998
P03,eegnet,2048,2049,2.0,2.0009765625,0.660625,0.659375,0.0012499999999999734,0.5875,0.5875,0.0
P05,eegnet,0,64,0.0,0.0625,0.705625,0.7112499999999999,-0.005624999999999991,0.675,0.6875,-0.012499999999999956
P05,eegnet,64,128,0.0625,0.125,0.705625,0.70375,0.00187499999999996,0.675,0.6625,0.012500000000000067
P05,eegnet,128,192,0.125,0.1875,0.705625,0.685625,0.019999999999999907,0.675,0.6375,0.03750000000000009
P05,eegnet,192,256,0.1875,0.25,0.705625,0.705625,0.0,0.675,0.625,0.050000000000000044
P05,eegnet,256,320,0.25,0.3125,0.705625,0.7075,-0.001875000000000071,0.675,0.625,0.050000000000000044
P05,eegnet,320,384,0.3125,0.375,0.705625,0.695,0.010624999999999996,0.675,0.6875,-0.012499999999999956
P05,eegnet,384,448,0.375,0.4375,0.705625,0.69875,0.0068749999999999645,0.675,0.65,0.025000000000000022
P05,eegnet,448,512,0.4375,0.5,0.705625,0.6968749999999999,0.008750000000000036,0.675,0.5875,0.08750000000000002
P05,eegnet,512,576,0.5,0.5625,0.705625,0.7174999999999999,-0.011874999999999969,0.675,0.6625,0.012500000000000067
P05,eegnet,576,640,0.5625,0.625,0.705625,0.709375,-0.003750000000000031,0.675,0.675,0.0
P05,eegnet,640,704,0.625,0.6875,0.705625,0.6743750000000001,0.03124999999999989,0.675,0.625,0.050000000000000044
P05,eegnet,704,768,0.6875,0.75,0.705625,0.68375,0.021874999999999978,0.675,0.65,0.025000000000000022
P05,eegnet,768,832,0.75,0.8125,0.705625,0.66375,0.041874999999999996,0.675,0.6125,0.0625
P05,eegnet,832,896,0.8125,0.875,0.705625,0.6793750000000001,0.026249999999999885,0.675,0.6125,0.0625
P05,eegnet,896,960,0.875,0.9375,0.705625,0.7056250000000002,-2.220446049250313e-16,0.675,0.6625,0.012500000000000067
P05,eegnet,960,1024,0.9375,1.0,0.705625,0.68,0.025624999999999898,0.675,0.625,0.050000000000000044
P05,eegnet,1024,1088,1.0,1.0625,0.705625,0.7175,-0.01187500000000008,0.675,0.6625,0.012500000000000067
P05,eegnet,1088,1152,1.0625,1.125,0.705625,0.6925,0.013124999999999942,0.675,0.6375,0.03750000000000009
P05,eegnet,1152,1216,1.125,1.1875,0.705625,0.70875,-0.0031250000000000444,0.675,0.6375,0.03750000000000009
P05,eegnet,1216,1280,1.1875,1.25,0.705625,0.70125,0.004374999999999907,0.675,0.625,0.050000000000000044
P05,eegnet,1280,1344,1.25,1.3125,0.705625,0.6868750000000001,0.018749999999999822,0.675,0.6625,0.012500000000000067
P05,eegnet,1344,1408,1.3125,1.375,0.705625,0.704375,0.0012499999999999734,0.675,0.65,0.025000000000000022
P05,eegnet,1408,1472,1.375,1.4375,0.705625,0.7012499999999999,0.004375000000000018,0.675,0.6,0.07500000000000007
P05,eegnet,1472,1536,1.4375,1.5,0.705625,0.71625,-0.010625000000000107,0.675,0.65,0.025000000000000022
P05,eegnet,1536,1600,1.5,1.5625,0.705625,0.7243749999999999,-0.018749999999999933,0.675,0.6125,0.0625
P05,eegnet,1600,1664,1.5625,1.625,0.705625,0.69875,0.0068749999999999645,0.675,0.6375,0.03750000000000009
P05,eegnet,1664,1728,1.625,1.6875,0.705625,0.69875,0.0068749999999999645,0.675,0.6375,0.03750000000000009
P05,eegnet,1728,1792,1.6875,1.75,0.705625,0.6718749999999999,0.03375000000000006,0.675,0.6125,0.0625
P05,eegnet,1792,1856,1.75,1.8125,0.705625,0.685625,0.019999999999999907,0.675,0.65,0.025000000000000022
P05,eegnet,1856,1920,1.8125,1.875,0.705625,0.721875,-0.016250000000000098,0.675,0.65,0.025000000000000022
P05,eegnet,1920,1984,1.875,1.9375,0.705625,0.7062499999999999,-0.0006249999999999867,0.675,0.6625,0.012500000000000067
P05,eegnet,1984,2048,1.9375,2.0,0.705625,0.6837500000000001,0.021874999999999867,0.675,0.65,0.025000000000000022
P05,eegnet,2048,2049,2.0,2.0009765625,0.705625,0.705,0.0006249999999999867,0.675,0.675,0.0
P06,eegnet,0,64,0.0,0.0625,0.726875,0.72375,0.0031250000000000444,0.6,0.6,0.0
P06,eegnet,64,128,0.0625,0.125,0.726875,0.7224999999999999,0.004375000000000129,0.6,0.6125,-0.012500000000000067
P06,eegnet,128,192,0.125,0.1875,0.726875,0.72875,-0.00187499999999996,0.6,0.6125,-0.012500000000000067
P06,eegnet,192,256,0.1875,0.25,0.726875,0.709375,0.01750000000000007,0.6,0.6,0.0
P06,eegnet,256,320,0.25,0.3125,0.726875,0.6699999999999999,0.05687500000000012,0.6,0.5875,0.012499999999999956
P06,eegnet,320,384,0.3125,0.375,0.726875,0.721875,0.0050000000000000044,0.6,0.6,0.0
P06,eegnet,384,448,0.375,0.4375,0.726875,0.709375,0.01750000000000007,0.6,0.6,0.0
P06,eegnet,448,512,0.4375,0.5,0.726875,0.705625,0.021250000000000102,0.6,0.625,-0.025000000000000022
P06,eegnet,512,576,0.5,0.5625,0.726875,0.7381249999999999,-0.011249999999999871,0.6,0.65,-0.050000000000000044
P06,eegnet,576,640,0.5625,0.625,0.726875,0.7125,0.014375000000000027,0.6,0.6125,-0.012500000000000067
P06,eegnet,640,704,0.625,0.6875,0.726875,0.71375,0.013125000000000053,0.6,0.625,-0.025000000000000022
P06,eegnet,704,768,0.6875,0.75,0.726875,0.7337499999999999,-0.0068749999999998535,0.6,0.6625,-0.0625
P06,eegnet,768,832,0.75,0.8125,0.726875,0.738125,-0.011249999999999982,0.6,0.6375,-0.03749999999999998
P06,eegnet,832,896,0.8125,0.875,0.726875,0.7168749999999999,0.01000000000000012,0.6,0.6,0.0
P06,eegnet,896,960,0.875,0.9375,0.726875,0.720625,0.006250000000000089,0.6,0.6,0.0
P06,eegnet,960,1024,0.9375,1.0,0.726875,0.7024999999999999,0.024375000000000147,0.6,0.6,0.0
P06,eegnet,1024,1088,1.0,1.0625,0.726875,0.72125,0.005625000000000102,0.6,0.6625,-0.0625
P06,eegnet,1088,1152,1.0625,1.125,0.726875,0.7018749999999999,0.025000000000000133,0.6,0.625,-0.025000000000000022
P06,eegnet,1152,1216,1.125,1.1875,0.726875,0.7262500000000001,0.0006249999999999867,0.6,0.625,-0.025000000000000022
P06,eegnet,1216,1280,1.1875,1.25,0.726875,0.69875,0.028125000000000067,0.6,0.6125,-0.012500000000000067
P06,eegnet,1280,1344,1.25,1.3125,0.726875,0.7262500000000001,0.0006249999999999867,0.6,0.6125,-0.012500000000000067
P06,eegnet,1344,1408,1.3125,1.375,0.726875,0.7206250000000001,0.006249999999999978,0.6,0.6125,-0.012500000000000067
P06,eegnet,1408,1472,1.375,1.4375,0.726875,0.715625,0.011250000000000093,0.6,0.6375,-0.03749999999999998
P06,eegnet,1472,1536,1.4375,1.5,0.726875,0.7143750000000001,0.012499999999999956,0.6,0.6125,-0.012500000000000067
P06,eegnet,1536,1600,1.5,1.5625,0.726875,0.71875,0.008125000000000049,0.6,0.6125,-0.012500000000000067
P06,eegnet,1600,1664,1.5625,1.625,0.726875,0.711875,0.015000000000000013,0.6,0.6125,-0.012500000000000067
P06,eegnet,1664,1728,1.625,1.6875,0.726875,0.7225,0.004375000000000018,0.6,0.6,0.0
P06,eegnet,1728,1792,1.6875,1.75,0.726875,0.69625,0.030625000000000013,0.6,0.5875,0.012499999999999956
P06,eegnet,1792,1856,1.75,1.8125,0.726875,0.7068749999999999,0.02000000000000013,0.6,0.5875,0.012499999999999956
P06,eegnet,1856,1920,1.8125,1.875,0.726875,0.701875,0.025000000000000022,0.6,0.5625,0.03749999999999998
P06,eegnet,1920,1984,1.875,1.9375,0.726875,0.69625,0.030625000000000013,0.6,0.5625,0.03749999999999998
P06,eegnet,1984,2048,1.9375,2.0,0.726875,0.7324999999999999,-0.00562499999999988,0.6,0.6125,-0.012500000000000067
P06,eegnet,2048,2049,2.0,2.0009765625,0.726875,0.72625,0.0006250000000000977,0.6,0.6,0.0
P07,eegnet,0,64,0.0,0.0625,0.5793749999999999,0.5837500000000001,-0.00437500000000024,0.55,0.525,0.025000000000000022
P07,eegnet,64,128,0.0625,0.125,0.5793749999999999,0.569375,0.009999999999999898,0.55,0.5125,0.03750000000000009
P07,eegnet,128,192,0.125,0.1875,0.5793749999999999,0.5825,-0.0031250000000001554,0.55,0.55,0.0
P07,eegnet,192,256,0.1875,0.25,0.5793749999999999,0.56875,0.010624999999999885,0.55,0.55,0.0
P07,eegnet,256,320,0.25,0.3125,0.5793749999999999,0.59375,-0.014375000000000138,0.55,0.4875,0.06250000000000006
P07,eegnet,320,384,0.3125,0.375,0.5793749999999999,0.57125,0.008124999999999827,0.55,0.525,0.025000000000000022
P07,eegnet,384,448,0.375,0.4375,0.5793749999999999,0.5706249999999999,0.008749999999999925,0.55,0.4875,0.06250000000000006
P07,eegnet,448,512,0.4375,0.5,0.5793749999999999,0.5750000000000001,0.004374999999999796,0.55,0.5,0.050000000000000044
P07,eegnet,512,576,0.5,0.5625,0.5793749999999999,0.5912499999999999,-0.01187500000000008,0.55,0.5125,0.03750000000000009
P07,eegnet,576,640,0.5625,0.625,0.5793749999999999,0.5824999999999999,-0.0031250000000000444,0.55,0.5375,0.012500000000000067
P07,eegnet,640,704,0.625,0.6875,0.5793749999999999,0.5800000000000001,-0.0006250000000002087,0.55,0.5375,0.012500000000000067
P07,eegnet,704,768,0.6875,0.75,0.5793749999999999,0.58,-0.0006250000000000977,0.55,0.5875,-0.03749999999999998
P07,eegnet,768,832,0.75,0.8125,0.5793749999999999,0.5868749999999999,-0.007500000000000062,0.55,0.5375,0.012500000000000067
P07,eegnet,832,896,0.8125,0.875,0.5793749999999999,0.5775,0.001874999999999849,0.55,0.5375,0.012500000000000067
P07,eegnet,896,960,0.875,0.9375,0.5793749999999999,0.569375,0.009999999999999898,0.55,0.525,0.025000000000000022
P07,eegnet,960,1024,0.9375,1.0,0.5793749999999999,0.596875,-0.017500000000000182,0.55,0.575,-0.02499999999999991
P07,eegnet,1024,1088,1.0,1.0625,0.5793749999999999,0.58625,-0.0068750000000001865,0.55,0.55,0.0
P07,eegnet,1088,1152,1.0625,1.125,0.5793749999999999,0.5875,-0.00812500000000016,0.55,0.5375,0.012500000000000067
P07,eegnet,1152,1216,1.125,1.1875,0.5793749999999999,0.5862499999999999,-0.0068750000000000755,0.55,0.55,0.0
P07,eegnet,1216,1280,1.1875,1.25,0.5793749999999999,0.5875,-0.00812500000000016,0.55,0.55,0.0
P07,eegnet,1280,1344,1.25,1.3125,0.5793749999999999,0.593125,-0.013750000000000151,0.55,0.5375,0.012500000000000067
P07,eegnet,1344,1408,1.3125,1.375,0.5793749999999999,0.57875,0.0006249999999998757,0.55,0.5375,0.012500000000000067
P07,eegnet,1408,1472,1.375,1.4375,0.5793749999999999,0.57625,0.0031249999999998224,0.55,0.575,-0.02499999999999991
P07,eegnet,1472,1536,1.4375,1.5,0.5793749999999999,0.591875,-0.012500000000000178,0.55,0.5375,0.012500000000000067
P07,eegnet,1536,1600,1.5,1.5625,0.5793749999999999,0.5793750000000001,-2.220446049250313e-16,0.55,0.55,0.0
P07,eegnet,1600,1664,1.5625,1.625,0.5793749999999999,0.57875,0.0006249999999998757,0.55,0.5375,0.012500000000000067
P07,eegnet,1664,1728,1.625,1.6875,0.5793749999999999,0.593125,-0.013750000000000151,0.55,0.55,0.0
P07,eegnet,1728,1792,1.6875,1.75,0.5793749999999999,0.576875,0.0024999999999998357,0.55,0.5375,0.012500000000000067
P07,eegnet,1792,1856,1.75,1.8125,0.5793749999999999,0.57625,0.0031249999999998224,0.55,0.5125,0.03750000000000009
P07,eegnet,1856,1920,1.8125,1.875,0.5793749999999999,0.591875,-0.012500000000000178,0.55,0.5375,0.012500000000000067
P07,eegnet,1920,1984,1.875,1.9375,0.5793749999999999,0.578125,0.0012499999999998623,0.55,0.525,0.025000000000000022
P07,eegnet,1984,2048,1.9375,2.0,0.5793749999999999,0.57125,0.008124999999999827,0.55,0.525,0.025000000000000022
P07,eegnet,2048,2049,2.0,2.0009765625,0.5793749999999999,0.579375,-1.1102230246251565e-16,0.55,0.5375,0.012500000000000067
P08,eegnet,0,64,0.0,0.0625,0.6658249158249158,0.6548821548821548,0.01094276094276092,0.6376811594202898,0.6376811594202898,0.0
P08,eegnet,64,128,0.0625,0.125,0.6658249158249158,0.6624579124579124,0.0033670033670033517,0.6376811594202898,0.6376811594202898,0.0
P08,eegnet,128,192,0.125,0.1875,0.6658249158249158,0.6767676767676768,-0.010942760942761032,0.6376811594202898,0.6811594202898551,-0.0434782608695653
P08,eegnet,192,256,0.1875,0.25,0.6658249158249158,0.6818181818181819,-0.015993265993266115,0.6376811594202898,0.6666666666666666,-0.02898550724637683
P08,eegnet,256,320,0.25,0.3125,0.6658249158249158,0.654040404040404,0.011784511784511786,0.6376811594202898,0.6231884057971014,0.01449275362318836
P08,eegnet,320,384,0.3125,0.375,0.6658249158249158,0.6590909090909091,0.006734006734006703,0.6376811594202898,0.6521739130434783,-0.01449275362318847
P08,eegnet,384,448,0.375,0.4375,0.6658249158249158,0.6565656565656566,0.00925925925925919,0.6376811594202898,0.6231884057971014,0.01449275362318836
P08,eegnet,448,512,0.4375,0.5,0.6658249158249158,0.6717171717171717,-0.005892255892255949,0.6376811594202898,0.6086956521739131,0.02898550724637672
P08,eegnet,512,576,0.5,0.5625,0.6658249158249158,0.6691919191919193,-0.0033670033670035737,0.6376811594202898,0.6231884057971014,0.01449275362318836
P08,eegnet,576,640,0.5625,0.625,0.6658249158249158,0.6531986531986532,0.012626262626262541,0.6376811594202898,0.6231884057971014,0.01449275362318836
P08,eegnet,640,704,0.625,0.6875,0.6658249158249158,0.6506734006734007,0.015151515151515027,0.6376811594202898,0.6376811594202898,0.0
P08,eegnet,704,768,0.6875,0.75,0.6658249158249158,0.6447811447811448,0.021043771043770976,0.6376811594202898,0.6521739130434783,-0.01449275362318847
P08,eegnet,768,832,0.75,0.8125,0.6658249158249158,0.6531986531986532,0.012626262626262541,0.6376811594202898,0.6086956521739131,0.02898550724637672
P08,eegnet,832,896,0.8125,0.875,0.6658249158249158,0.6489898989898989,0.01683501683501687,0.6376811594202898,0.6521739130434783,-0.01449275362318847
P08,eegnet,896,960,0.875,0.9375,0.6658249158249158,0.6548821548821548,0.01094276094276092,0.6376811594202898,0.6231884057971014,0.01449275362318836
P08,eegnet,960,1024,0.9375,1.0,0.6658249158249158,0.6355218855218856,0.030303030303030165,0.6376811594202898,0.6666666666666666,-0.02898550724637683
P08,eegnet,1024,1088,1.0,1.0625,0.6658249158249158,0.6708754208754207,-0.005050505050504972,0.6376811594202898,0.6521739130434783,-0.01449275362318847
P08,eegnet,1088,1152,1.0625,1.125,0.6658249158249158,0.6784511784511785,-0.012626262626262763,0.6376811594202898,0.6666666666666666,-0.02898550724637683
P08,eegnet,1152,1216,1.125,1.1875,0.6658249158249158,0.6776094276094277,-0.011784511784511897,0.6376811594202898,0.6231884057971014,0.01449275362318836
P08,eegnet,1216,1280,1.1875,1.25,0.6658249158249158,0.6506734006734006,0.015151515151515138,0.6376811594202898,0.6086956521739131,0.02898550724637672
P08,eegnet,1280,1344,1.25,1.3125,0.6658249158249158,0.6851851851851852,-0.019360269360269466,0.6376811594202898,0.6811594202898551,-0.0434782608695653
P08,eegnet,1344,1408,1.3125,1.375,0.6658249158249158,0.6599326599326599,0.005892255892255838,0.6376811594202898,0.6521739130434783,-0.01449275362318847
P08,eegnet,1408,1472,1.375,1.4375,0.6658249158249158,0.6414141414141414,0.024410774410774327,0.6376811594202898,0.6521739130434783,-0.01449275362318847
P08,eegnet,1472,1536,1.4375,1.5,0.6658249158249158,0.6574074074074073,0.008417508417508435,0.6376811594202898,0.6521739130434783,-0.01449275362318847
P08,eegnet,1536,1600,1.5,1.5625,0.6658249158249158,0.6237373737373737,0.04208754208754206,0.6376811594202898,0.5942028985507246,0.04347826086956519
P08,eegnet,1600,1664,1.5625,1.625,0.6658249158249158,0.6397306397306397,0.02609427609427606,0.6376811594202898,0.6231884057971014,0.01449275362318836
P08,eegnet,1664,1728,1.625,1.6875,0.6658249158249158,0.6792929292929293,-0.013468013468013518,0.6376811594202898,0.6521739130434783,-0.01449275362318847
P08,eegnet,1728,1792,1.6875,1.75,0.6658249158249158,0.6750841750841751,-0.0092592592592593,0.6376811594202898,0.6376811594202898,0.0
P08,eegnet,1792,1856,1.75,1.8125,0.6658249158249158,0.6717171717171716,-0.005892255892255838,0.6376811594202898,0.6376811594202898,0.0
P08,eegnet,1856,1920,1.8125,1.875,0.6658249158249158,0.6582491582491583,0.007575757575757458,0.6376811594202898,0.6521739130434783,-0.01449275362318847
P08,eegnet,1920,1984,1.875,1.9375,0.6658249158249158,0.6178451178451179,0.0479797979797979,0.6376811594202898,0.6376811594202898,0.0
P08,eegnet,1984,2048,1.9375,2.0,0.6658249158249158,0.6557239057239057,0.010101010101010055,0.6376811594202898,0.6666666666666666,-0.02898550724637683
P08,eegnet,2048,2049,2.0,2.0009765625,0.6658249158249158,0.6658249158249158,0.0,0.6376811594202898,0.6376811594202898,0.0
P10,eegnet,0,64,0.0,0.0625,0.595625,0.5962500000000001,-0.0006250000000000977,0.55,0.5375,0.012500000000000067
P10,eegnet,64,128,0.0625,0.125,0.595625,0.599375,-0.003750000000000031,0.55,0.575,-0.02499999999999991
P10,eegnet,128,192,0.125,0.1875,0.595625,0.601875,-0.006250000000000089,0.55,0.5625,-0.012499999999999956
P10,eegnet,192,256,0.1875,0.25,0.595625,0.6024999999999999,-0.0068749999999999645,0.55,0.575,-0.02499999999999991
P10,eegnet,256,320,0.25,0.3125,0.595625,0.6100000000000001,-0.014375000000000138,0.55,0.5875,-0.03749999999999998
P10,eegnet,320,384,0.3125,0.375,0.595625,0.63,-0.034375000000000044,0.55,0.6,-0.04999999999999993
P10,eegnet,384,448,0.375,0.4375,0.595625,0.5712499999999999,0.024375000000000036,0.55,0.575,-0.02499999999999991
P10,eegnet,448,512,0.4375,0.5,0.595625,0.603125,-0.007500000000000062,0.55,0.5625,-0.012499999999999956
P10,eegnet,512,576,0.5,0.5625,0.595625,0.575,0.020625000000000004,0.55,0.6,-0.04999999999999993
P10,eegnet,576,640,0.5625,0.625,0.595625,0.6025,-0.0068750000000000755,0.55,0.525,0.025000000000000022
P10,eegnet,640,704,0.625,0.6875,0.595625,0.6068749999999999,-0.011249999999999982,0.55,0.575,-0.02499999999999991
P10,eegnet,704,768,0.6875,0.75,0.595625,0.610625,-0.015000000000000013,0.55,0.6,-0.04999999999999993
P10,eegnet,768,832,0.75,0.8125,0.595625,0.5887499999999999,0.0068750000000000755,0.55,0.575,-0.02499999999999991
P10,eegnet,832,896,0.8125,0.875,0.595625,0.5875,0.008124999999999938,0.55,0.55,0.0
P10,eegnet,896,960,0.875,0.9375,0.595625,0.59125,0.004374999999999907,0.55,0.575,-0.02499999999999991
P10,eegnet,960,1024,0.9375,1.0,0.595625,0.61875,-0.023125000000000062,0.55,0.575,-0.02499999999999991
P10,eegnet,1024,1088,1.0,1.0625,0.595625,0.58625,0.009374999999999911,0.55,0.5375,0.012500000000000067
P10,eegnet,1088,1152,1.0625,1.125,0.595625,0.605,-0.009375000000000022,0.55,0.5625,-0.012499999999999956
P10,eegnet,1152,1216,1.125,1.1875,0.595625,0.6025000000000001,-0.0068750000000001865,0.55,0.5875,-0.03749999999999998
P10,eegnet,1216,1280,1.1875,1.25,0.595625,0.605,-0.009375000000000022,0.55,0.55,0.0
P10,eegnet,1280,1344,1.25,1.3125,0.595625,0.610625,-0.015000000000000013,0.55,0.6125,-0.0625
P10,eegnet,1344,1408,1.3125,1.375,0.595625,0.5650000000000001,0.030624999999999902,0.55,0.5875,-0.03749999999999998
P10,eegnet,1408,1472,1.375,1.4375,0.595625,0.5824999999999999,0.013125000000000053,0.55,0.575,-0.02499999999999991
P10,eegnet,1472,1536,1.4375,1.5,0.595625,0.608125,-0.012500000000000067,0.55,0.575,-0.02499999999999991
P10,eegnet,1536,1600,1.5,1.5625,0.595625,0.60125,-0.005624999999999991,0.55,0.5625,-0.012499999999999956
P10,eegnet,1600,1664,1.5625,1.625,0.595625,0.603125,-0.007500000000000062,0.55,0.575,-0.02499999999999991
P10,eegnet,1664,1728,1.625,1.6875,0.595625,0.588125,0.007499999999999951,0.55,0.6,-0.04999999999999993
P10,eegnet,1728,1792,1.6875,1.75,0.595625,0.6181249999999999,-0.022499999999999964,0.55,0.575,-0.02499999999999991
P10,eegnet,1792,1856,1.75,1.8125,0.595625,0.590625,0.0050000000000000044,0.55,0.55,0.0
P10,eegnet,1856,1920,1.8125,1.875,0.595625,0.595,0.0006249999999999867,0.55,0.5375,0.012500000000000067
P10,eegnet,1920,1984,1.875,1.9375,0.595625,0.5962500000000001,-0.0006250000000000977,0.55,0.5625,-0.012499999999999956
P10,eegnet,1984,2048,1.9375,2.0,0.595625,0.625625,-0.030000000000000027,0.55,0.575,-0.02499999999999991
P10,eegnet,2048,2049,2.0,2.0009765625,0.595625,0.595625,0.0,0.55,0.55,0.0
P11,eegnet,0,64,0.0,0.0625,0.643125,0.63375,0.009374999999999911,0.5875,0.5875,0.0
P11,eegnet,64,128,0.0625,0.125,0.643125,0.6693749999999999,-0.026249999999999996,0.5875,0.5875,0.0
P11,eegnet,128,192,0.125,0.1875,0.643125,0.648125,-0.0050000000000000044,0.5875,0.5875,0.0
P11,eegnet,192,256,0.1875,0.25,0.643125,0.640625,0.0024999999999999467,0.5875,0.6125,-0.025000000000000022
P11,eegnet,256,320,0.25,0.3125,0.643125,0.634375,0.008749999999999925,0.5875,0.55,0.03749999999999998
P11,eegnet,320,384,0.3125,0.375,0.643125,0.6093750000000001,0.033749999999999836,0.5875,0.55,0.03749999999999998
P11,eegnet,384,448,0.375,0.4375,0.643125,0.6493749999999999,-0.006249999999999978,0.5875,0.5875,0.0
P11,eegnet,448,512,0.4375,0.5,0.643125,0.6281249999999999,0.015000000000000013,0.5875,0.6,-0.012499999999999956
P11,eegnet,512,576,0.5,0.5625,0.643125,0.6406250000000001,0.0024999999999998357,0.5875,0.55,0.03749999999999998
P11,eegnet,576,640,0.5625,0.625,0.643125,0.661875,-0.018750000000000044,0.5875,0.6,-0.012499999999999956
P11,eegnet,640,704,0.625,0.6875,0.643125,0.6725000000000001,-0.02937500000000015,0.5875,0.6125,-0.025000000000000022
P11,eegnet,704,768,0.6875,0.75,0.643125,0.64875,-0.005625000000000102,0.5875,0.5625,0.025000000000000022
P11,eegnet,768,832,0.75,0.8125,0.643125,0.62,0.02312499999999995,0.5875,0.5125,0.07500000000000007
P11,eegnet,832,896,0.8125,0.875,0.643125,0.62875,0.014374999999999916,0.5875,0.5625,0.025000000000000022
P11,eegnet,896,960,0.875,0.9375,0.643125,0.631875,0.011249999999999982,0.5875,0.5875,0.0
P11,eegnet,960,1024,0.9375,1.0,0.643125,0.656875,-0.01375000000000004,0.5875,0.6375,-0.04999999999999993
P11,eegnet,1024,1088,1.0,1.0625,0.643125,0.6575,-0.014375000000000027,0.5875,0.575,0.012500000000000067
P11,eegnet,1088,1152,1.0625,1.125,0.643125,0.639375,0.00374999999999992,0.5875,0.55,0.03749999999999998
P11,eegnet,1152,1216,1.125,1.1875,0.643125,0.6475,-0.004375000000000018,0.5875,0.5625,0.025000000000000022
P11,eegnet,1216,1280,1.1875,1.25,0.643125,0.6425,0.0006249999999999867,0.5875,0.625,-0.03749999999999998
P11,eegnet,1280,1344,1.25,1.3125,0.643125,0.59875,0.04437499999999994,0.5875,0.5875,0.0
P11,eegnet,1344,1408,1.3125,1.375,0.643125,0.64375,-0.0006250000000000977,0.5875,0.6125,-0.025000000000000022
P11,eegnet,1408,1472,1.375,1.4375,0.643125,0.601875,0.0412499999999999,0.5875,0.5875,0.0
P11,eegnet,1472,1536,1.4375,1.5,0.643125,0.621875,0.02124999999999999,0.5875,0.6125,-0.025000000000000022
P11,eegnet,1536,1600,1.5,1.5625,0.643125,0.61,0.03312499999999996,0.5875,0.6,-0.012499999999999956
P11,eegnet,1600,1664,1.5625,1.625,0.643125,0.6387499999999999,0.004375000000000018,0.5875,0.575,0.012500000000000067
P11,eegnet,1664,1728,1.625,1.6875,0.643125,0.640625,0.0024999999999999467,0.5875,0.575,0.012500000000000067
P11,eegnet,1728,1792,1.6875,1.75,0.643125,0.646875,-0.003750000000000031,0.5875,0.5875,0.0
P11,eegnet,1792,1856,1.75,1.8125,0.643125,0.6425,0.0006249999999999867,0.5875,0.55,0.03749999999999998
P11,eegnet,1856,1920,1.8125,1.875,0.643125,0.630625,0.012499999999999956,0.5875,0.575,0.012500000000000067
P11,eegnet,1920,1984,1.875,1.9375,0.643125,0.6481250000000001,-0.0050000000000001155,0.5875,0.5625,0.025000000000000022
P11,eegnet,1984,2048,1.9375,2.0,0.643125,0.6487499999999999,-0.005624999999999991,0.5875,0.575,0.012500000000000067
P11,eegnet,2048,2049,2.0,2.0009765625,0.643125,0.641875,0.0012499999999999734,0.5875,0.5875,0.0
P12,eegnet,0,64,0.0,0.0625,0.681875,0.701875,-0.020000000000000018,0.6375,0.625,0.012499999999999956
P12,eegnet,64,128,0.0625,0.125,0.681875,0.68875,-0.0068749999999999645,0.6375,0.6375,0.0
P12,eegnet,128,192,0.125,0.1875,0.681875,0.691875,-0.010000000000000009,0.6375,0.65,-0.012500000000000067
P12,eegnet,192,256,0.1875,0.25,0.681875,0.6325000000000001,0.04937499999999995,0.6375,0.6375,0.0
P12,eegnet,256,320,0.25,0.3125,0.681875,0.6399999999999999,0.04187500000000011,0.6375,0.6375,0.0
P12,eegnet,320,384,0.3125,0.375,0.681875,0.689375,-0.007499999999999951,0.6375,0.6375,0.0
P12,eegnet,384,448,0.375,0.4375,0.681875,0.6725000000000001,0.009374999999999911,0.6375,0.625,0.012499999999999956
P12,eegnet,448,512,0.4375,0.5,0.681875,0.6725000000000001,0.009374999999999911,0.6375,0.625,0.012499999999999956
P12,eegnet,512,576,0.5,0.5625,0.681875,0.6531250000000001,0.028749999999999942,0.6375,0.6375,0.0
P12,eegnet,576,640,0.5625,0.625,0.681875,0.683125,-0.0012499999999999734,0.6375,0.6625,-0.025000000000000022
P12,eegnet,640,704,0.625,0.6875,0.681875,0.678125,0.003750000000000031,0.6375,0.6125,0.02499999999999991
P12,eegnet,704,768,0.6875,0.75,0.681875,0.684375,-0.0024999999999999467,0.6375,0.625,0.012499999999999956
P12,eegnet,768,832,0.75,0.8125,0.681875,0.685,-0.0031250000000000444,0.6375,0.6375,0.0
P12,eegnet,832,896,0.8125,0.875,0.681875,0.6775,0.004375000000000018,0.6375,0.575,0.0625
P12,eegnet,896,960,0.875,0.9375,0.681875,0.6699999999999999,0.01187500000000008,0.6375,0.6125,0.02499999999999991
P12,eegnet,960,1024,0.9375,1.0,0.681875,0.695,-0.013124999999999942,0.6375,0.6375,0.0
P12,eegnet,1024,1088,1.0,1.0625,0.681875,0.635,0.046875,0.6375,0.5875,0.04999999999999993
P12,eegnet,1088,1152,1.0625,1.125,0.681875,0.6625000000000001,0.01937499999999992,0.6375,0.6,0.03749999999999998
P12,eegnet,1152,1216,1.125,1.1875,0.681875,0.6831250000000001,-0.0012500000000000844,0.6375,0.625,0.012499999999999956
P12,eegnet,1216,1280,1.1875,1.25,0.681875,0.694375,-0.012499999999999956,0.6375,0.6375,0.0
P12,eegnet,1280,1344,1.25,1.3125,0.681875,0.6881249999999999,-0.006249999999999867,0.6375,0.6375,0.0
P12,eegnet,1344,1408,1.3125,1.375,0.681875,0.67625,0.005624999999999991,0.6375,0.625,0.012499999999999956
P12,eegnet,1408,1472,1.375,1.4375,0.681875,0.68,0.00187499999999996,0.6375,0.65,-0.012500000000000067
P12,eegnet,1472,1536,1.4375,1.5,0.681875,0.651875,0.030000000000000027,0.6375,0.625,0.012499999999999956
P12,eegnet,1536,1600,1.5,1.5625,0.681875,0.6956249999999999,-0.013749999999999929,0.6375,0.65,-0.012500000000000067
P12,eegnet,1600,1664,1.5625,1.625,0.681875,0.695,-0.013124999999999942,0.6375,0.65,-0.012500000000000067
P12,eegnet,1664,1728,1.625,1.6875,0.681875,0.6531250000000001,0.028749999999999942,0.6375,0.625,0.012499999999999956
P12,eegnet,1728,1792,1.6875,1.75,0.681875,0.675,0.0068749999999999645,0.6375,0.65,-0.012500000000000067
P12,eegnet,1792,1856,1.75,1.8125,0.681875,0.6950000000000001,-0.013125000000000053,0.6375,0.65,-0.012500000000000067
P12,eegnet,1856,1920,1.8125,1.875,0.681875,0.6812499999999999,0.0006250000000000977,0.6375,0.6,0.03749999999999998
P12,eegnet,1920,1984,1.875,1.9375,0.681875,0.691875,-0.010000000000000009,0.6375,0.6375,0.0
P12,eegnet,1984,2048,1.9375,2.0,0.681875,0.6756249999999999,0.006250000000000089,0.6375,0.625,0.012499999999999956
P12,eegnet,2048,2049,2.0,2.0009765625,0.681875,0.681875,0.0,0.6375,0.6375,0.0
P13,eegnet,0,64,0.0,0.0625,0.93875,0.9375,0.0012499999999999734,0.7875,0.7875,0.0
P13,eegnet,64,128,0.0625,0.125,0.93875,0.92875,0.010000000000000009,0.7875,0.7875,0.0
P13,eegnet,128,192,0.125,0.1875,0.93875,0.92375,0.015000000000000013,0.7875,0.775,0.012499999999999956
P13,eegnet,192,256,0.1875,0.25,0.93875,0.915,0.023749999999999938,0.7875,0.775,0.012499999999999956
P13,eegnet,256,320,0.25,0.3125,0.93875,0.91,0.028749999999999942,0.7875,0.7375,0.04999999999999993
P13,eegnet,320,384,0.3125,0.375,0.93875,0.923125,0.015625,0.7875,0.75,0.03749999999999998
P13,eegnet,384,448,0.375,0.4375,0.93875,0.93875,0.0,0.7875,0.775,0.012499999999999956
P13,eegnet,448,512,0.4375,0.5,0.93875,0.9356249999999999,0.0031250000000000444,0.7875,0.825,-0.03749999999999998
P13,eegnet,512,576,0.5,0.5625,0.93875,0.92625,0.012499999999999956,0.7875,0.825,-0.03749999999999998
P13,eegnet,576,640,0.5625,0.625,0.93875,0.935625,0.0031249999999999334,0.7875,0.775,0.012499999999999956
P13,eegnet,640,704,0.625,0.6875,0.93875,0.938125,0.0006249999999999867,0.7875,0.8,-0.012500000000000067
P13,eegnet,704,768,0.6875,0.75,0.93875,0.936875,0.00187499999999996,0.7875,0.7625,0.025000000000000022
P13,eegnet,768,832,0.75,0.8125,0.93875,0.93625,0.0024999999999999467,0.7875,0.775,0.012499999999999956
P13,eegnet,832,896,0.8125,0.875,0.93875,0.9325,0.006249999999999978,0.7875,0.775,0.012499999999999956
P13,eegnet,896,960,0.875,0.9375,0.93875,0.9349999999999999,0.003750000000000031,0.7875,0.7875,0.0
P13,eegnet,960,1024,0.9375,1.0,0.93875,0.936875,0.00187499999999996,0.7875,0.775,0.012499999999999956
P13,eegnet,1024,1088,1.0,1.0625,0.93875,0.941875,-0.0031250000000000444,0.7875,0.825,-0.03749999999999998
P13,eegnet,1088,1152,1.0625,1.125,0.93875,0.9437500000000001,-0.0050000000000001155,0.7875,0.85,-0.0625
P13,eegnet,1152,1216,1.125,1.1875,0.93875,0.9450000000000001,-0.006250000000000089,0.7875,0.8,-0.012500000000000067
P13,eegnet,1216,1280,1.1875,1.25,0.93875,0.9450000000000001,-0.006250000000000089,0.7875,0.8375,-0.050000000000000044
P13,eegnet,1280,1344,1.25,1.3125,0.93875,0.9475,-0.008750000000000036,0.7875,0.8375,-0.050000000000000044
P13,eegnet,1344,1408,1.3125,1.375,0.93875,0.943125,-0.004375000000000018,0.7875,0.8,-0.012500000000000067
P13,eegnet,1408,1472,1.375,1.4375,0.93875,0.9362499999999999,0.0025000000000000577,0.7875,0.825,-0.03749999999999998
P13,eegnet,1472,1536,1.4375,1.5,0.93875,0.936875,0.00187499999999996,0.7875,0.825,-0.03749999999999998
P13,eegnet,1536,1600,1.5,1.5625,0.93875,0.940625,-0.001875000000000071,0.7875,0.8,-0.012500000000000067
P13,eegnet,1600,1664,1.5625,1.625,0.93875,0.9425,-0.003750000000000031,0.7875,0.8,-0.012500000000000067
P13,eegnet,1664,1728,1.625,1.6875,0.93875,0.95125,-0.012500000000000067,0.7875,0.825,-0.03749999999999998
P13,eegnet,1728,1792,1.6875,1.75,0.93875,0.950625,-0.01187500000000008,0.7875,0.85,-0.0625
P13,eegnet,1792,1856,1.75,1.8125,0.93875,0.956875,-0.018125000000000058,0.7875,0.8375,-0.050000000000000044
P13,eegnet,1856,1920,1.8125,1.875,0.93875,0.951875,-0.013125000000000053,0.7875,0.8,-0.012500000000000067
P13,eegnet,1920,1984,1.875,1.9375,0.93875,0.94,-0.0012499999999999734,0.7875,0.75,0.03749999999999998
P13,eegnet,1984,2048,1.9375,2.0,0.93875,0.9325000000000001,0.006249999999999867,0.7875,0.7625,0.025000000000000022
P13,eegnet,2048,2049,2.0,2.0009765625,0.93875,0.93875,0.0,0.7875,0.7875,0.0
P14,eegnet,0,64,0.0,0.0625,0.624375,0.64375,-0.01937500000000003,0.6125,0.6,0.012500000000000067
P14,eegnet,64,128,0.0625,0.125,0.624375,0.6375000000000001,-0.013125000000000053,0.6125,0.6,0.012500000000000067
P14,eegnet,128,192,0.125,0.1875,0.624375,0.6131249999999999,0.011250000000000093,0.6125,0.55,0.0625
P14,eegnet,192,256,0.1875,0.25,0.624375,0.609375,0.015000000000000013,0.6125,0.55,0.0625
P14,eegnet,256,320,0.25,0.3125,0.624375,0.621875,0.0025000000000000577,0.6125,0.5625,0.050000000000000044
P14,eegnet,320,384,0.3125,0.375,0.624375,0.648125,-0.023749999999999938,0.6125,0.6,0.012500000000000067
P14,eegnet,384,448,0.375,0.4375,0.624375,0.6281249999999999,-0.00374999999999992,0.6125,0.6125,0.0
P14,eegnet,448,512,0.4375,0.5,0.624375,0.6275000000000001,-0.0031250000000000444,0.6125,0.6125,0.0
P14,eegnet,512,576,0.5,0.5625,0.624375,0.640625,-0.016249999999999987,0.6125,0.6125,0.0
P14,eegnet,576,640,0.5625,0.625,0.624375,0.608125,0.016249999999999987,0.6125,0.6,0.012500000000000067
P14,eegnet,640,704,0.625,0.6875,0.624375,0.605625,0.018750000000000044,0.6125,0.6,0.012500000000000067
P14,eegnet,704,768,0.6875,0.75,0.624375,0.6249999999999999,-0.0006249999999998757,0.6125,0.6125,0.0
P14,eegnet,768,832,0.75,0.8125,0.624375,0.6431250000000001,-0.018750000000000044,0.6125,0.6,0.012500000000000067
P14,eegnet,832,896,0.8125,0.875,0.624375,0.62125,0.0031250000000000444,0.6125,0.6,0.012500000000000067
P14,eegnet,896,960,0.875,0.9375,0.624375,0.65125,-0.026874999999999982,0.6125,0.625,-0.012499999999999956
P14,eegnet,960,1024,0.9375,1.0,0.624375,0.6325,-0.008124999999999938,0.6125,0.5875,0.025000000000000022
P14,eegnet,1024,1088,1.0,1.0625,0.624375,0.63,-0.005624999999999991,0.6125,0.5875,0.025000000000000022
P14,eegnet,1088,1152,1.0625,1.125,0.624375,0.615,0.009375000000000022,0.6125,0.6125,0.0
P14,eegnet,1152,1216,1.125,1.1875,0.624375,0.648125,-0.023749999999999938,0.6125,0.6,0.012500000000000067
P14,eegnet,1216,1280,1.1875,1.25,0.624375,0.620625,0.003750000000000031,0.6125,0.6125,0.0
P14,eegnet,1280,1344,1.25,1.3125,0.624375,0.629375,-0.0050000000000000044,0.6125,0.5875,0.025000000000000022
P14,eegnet,1344,1408,1.3125,1.375,0.624375,0.6275,-0.0031249999999999334,0.6125,0.5875,0.025000000000000022
P14,eegnet,1408,1472,1.375,1.4375,0.624375,0.61125,0.013125000000000053,0.6125,0.5625,0.050000000000000044
P14,eegnet,1472,1536,1.4375,1.5,0.624375,0.611875,0.012500000000000067,0.6125,0.6,0.012500000000000067
P14,eegnet,1536,1600,1.5,1.5625,0.624375,0.6349999999999999,-0.010624999999999885,0.6125,0.6125,0.0
P14,eegnet,1600,1664,1.5625,1.625,0.624375,0.6224999999999999,0.001875000000000071,0.6125,0.5875,0.025000000000000022
P14,eegnet,1664,1728,1.625,1.6875,0.624375,0.61875,0.005624999999999991,0.6125,0.6,0.012500000000000067
P14,eegnet,1728,1792,1.6875,1.75,0.624375,0.62625,-0.00187499999999996,0.6125,0.575,0.03750000000000009
P14,eegnet,1792,1856,1.75,1.8125,0.624375,0.6218750000000001,0.0024999999999999467,0.6125,0.6125,0.0
P14,eegnet,1856,1920,1.8125,1.875,0.624375,0.636875,-0.012499999999999956,0.6125,0.6125,0.0
P14,eegnet,1920,1984,1.875,1.9375,0.624375,0.635625,-0.011249999999999982,0.6125,0.6125,0.0
P14,eegnet,1984,2048,1.9375,2.0,0.624375,0.644375,-0.020000000000000018,0.6125,0.6,0.012500000000000067
P14,eegnet,2048,2049,2.0,2.0009765625,0.624375,0.625,-0.0006249999999999867,0.6125,0.6125,0.0
P15,eegnet,0,64,0.0,0.0625,0.8175,0.821875,-0.004375000000000018,0.75,0.7625,-0.012499999999999956
P15,eegnet,64,128,0.0625,0.125,0.8175,0.8125,0.0050000000000000044,0.75,0.75,0.0
P15,eegnet,128,192,0.125,0.1875,0.8175,0.809375,0.008125000000000049,0.75,0.75,0.0
P15,eegnet,192,256,0.1875,0.25,0.8175,0.8200000000000001,-0.0025000000000000577,0.75,0.7625,-0.012499999999999956
P15,eegnet,256,320,0.25,0.3125,0.8175,0.8143750000000001,0.0031249999999999334,0.75,0.7625,-0.012499999999999956
P15,eegnet,320,384,0.3125,0.375,0.8175,0.806875,0.010624999999999996,0.75,0.7375,0.012499999999999956
P15,eegnet,384,448,0.375,0.4375,0.8175,0.8150000000000001,0.0024999999999999467,0.75,0.7625,-0.012499999999999956
P15,eegnet,448,512,0.4375,0.5,0.8175,0.79125,0.026249999999999996,0.75,0.7625,-0.012499999999999956
P15,eegnet,512,576,0.5,0.5625,0.8175,0.8368749999999999,-0.01937499999999992,0.75,0.75,0.0
P15,eegnet,576,640,0.5625,0.625,0.8175,0.815,0.0025000000000000577,0.75,0.725,0.025000000000000022
P15,eegnet,640,704,0.625,0.6875,0.8175,0.8075,0.010000000000000009,0.75,0.75,0.0
P15,eegnet,704,768,0.6875,0.75,0.8175,0.811875,0.005624999999999991,0.75,0.725,0.025000000000000022
P15,eegnet,768,832,0.75,0.8125,0.8175,0.8025,0.015000000000000013,0.75,0.7375,0.012499999999999956
P15,eegnet,832,896,0.8125,0.875,0.8175,0.813125,0.004375000000000018,0.75,0.7375,0.012499999999999956
P15,eegnet,896,960,0.875,0.9375,0.8175,0.8193750000000001,-0.001875000000000071,0.75,0.75,0.0
P15,eegnet,960,1024,0.9375,1.0,0.8175,0.823125,-0.005624999999999991,0.75,0.75,0.0
P15,eegnet,1024,1088,1.0,1.0625,0.8175,0.808125,0.009375000000000022,0.75,0.725,0.025000000000000022
P15,eegnet,1088,1152,1.0625,1.125,0.8175,0.823125,-0.005624999999999991,0.75,0.7625,-0.012499999999999956
P15,eegnet,1152,1216,1.125,1.1875,0.8175,0.819375,-0.00187499999999996,0.75,0.7625,-0.012499999999999956
P15,eegnet,1216,1280,1.1875,1.25,0.8175,0.8206249999999999,-0.0031249999999999334,0.75,0.75,0.0
P15,eegnet,1280,1344,1.25,1.3125,0.8175,0.8231249999999999,-0.00562499999999988,0.75,0.7375,0.012499999999999956
P15,eegnet,1344,1408,1.3125,1.375,0.8175,0.8093750000000001,0.008124999999999938,0.75,0.75,0.0
P15,eegnet,1408,1472,1.375,1.4375,0.8175,0.820625,-0.0031250000000000444,0.75,0.75,0.0
P15,eegnet,1472,1536,1.4375,1.5,0.8175,0.805,0.012499999999999956,0.75,0.725,0.025000000000000022
P15,eegnet,1536,1600,1.5,1.5625,0.8175,0.8293750000000001,-0.01187500000000008,0.75,0.75,0.0
P15,eegnet,1600,1664,1.5625,1.625,0.8175,0.8318749999999999,-0.014374999999999916,0.75,0.7375,0.012499999999999956
P15,eegnet,1664,1728,1.625,1.6875,0.8175,0.83875,-0.02124999999999999,0.75,0.75,0.0
P15,eegnet,1728,1792,1.6875,1.75,0.8175,0.82625,-0.008750000000000036,0.75,0.75,0.0
P15,eegnet,1792,1856,1.75,1.8125,0.8175,0.8343749999999999,-0.016874999999999862,0.75,0.775,-0.025000000000000022
P15,eegnet,1856,1920,1.8125,1.875,0.8175,0.8375,-0.020000000000000018,0.75,0.775,-0.025000000000000022
P15,eegnet,1920,1984,1.875,1.9375,0.8175,0.7968749999999999,0.020625000000000115,0.75,0.725,0.025000000000000022
P15,eegnet,1984,2048,1.9375,2.0,0.8175,0.830625,-0.013124999999999942,0.75,0.75,0.0
P15,eegnet,2048,2049,2.0,2.0009765625,0.8175,0.8187500000000001,-0.0012500000000000844,0.75,0.75,0.0
