participant,model,channel,channel_index,baseline_auc,occluded_auc,delta_auc,baseline_accuracy,occluded_accuracy,delta_accuracy
P01,cnn,Fp1,0,0.6175,0.598125,0.01937500000000003,0.5875,0.5375,0.050000000000000044
P01,cnn,AF7,1,0.6175,0.60375,0.01375000000000004,0.5875,0.575,0.012500000000000067
P01,cnn,AF3,2,0.6175,0.599375,0.018125000000000058,0.5875,0.5875,0.0
P01,cnn,F1,3,0.6175,0.6199999999999999,-0.0024999999999998357,0.5875,0.575,0.012500000000000067
P01,cnn,F3,4,0.6175,0.61625,0.0012500000000000844,0.5875,0.5875,0.0
P01,cnn,F5,5,0.6175,0.6131249999999999,0.004375000000000129,0.5875,0.6,-0.012499999999999956
P01,cnn,F7,6,0.6175,0.6056250000000001,0.011874999999999969,0.5875,0.55,0.03749999999999998
P01,cnn,FT7,7,0.6175,0.6143749999999999,0.0031250000000001554,0.5875,0.5625,0.025000000000000022
P01,cnn,FC5,8,0.6175,0.610625,0.0068750000000000755,0.5875,0.5875,0.0
P01,cnn,FC3,9,0.6175,0.596875,0.020625000000000004,0.5875,0.5625,0.025000000000000022
P01,cnn,FC1,10,0.6175,0.605,0.012500000000000067,0.5875,0.575,0.012500000000000067
P01,cnn,C1,11,0.6175,0.6087500000000001,0.008749999999999925,0.5875,0.575,0.012500000000000067
P01,cnn,C3,12,0.6175,0.6212500000000001,-0.003750000000000031,0.5875,0.575,0.012500000000000067
P01,cnn,C5,13,0.6175,0.609375,0.008125000000000049,0.5875,0.575,0.012500000000000067
P01,cnn,T7,14,0.6175,0.6293750000000001,-0.01187500000000008,0.5875,0.5625,0.025000000000000022
P01,cnn,TP7,15,0.6175,0.6125,0.0050000000000000044,0.5875,0.5875,0.0
P01,cnn,CP5,16,0.6175,0.615,0.0025000000000000577,0.5875,0.575,0.012500000000000067
P01,cnn,CP3,17,0.6175,0.6168750000000001,0.0006249999999999867,0.5875,0.575,0.012500000000000067
P01,cnn,CP1,18,0.6175,0.60375,0.01375000000000004,0.5875,0.575,0.012500000000000067
P01,cnn,P1,19,0.6175,0.6125,0.0050000000000000044,0.5875,0.5375,0.050000000000000044
P01,cnn,P3,20,0.6175,0.613125,0.004375000000000018,0.5875,0.6125,-0.025000000000000022
P01,cnn,P5,21,0.6175,0.60375,0.01375000000000004,0.5875,0.575,0.012500000000000067
P01,cnn,P7,22,0.6175,0.5962500000000001,0.02124999999999999,0.5875,0.5625,0.025000000000000022
P01,cnn,P9,23,0.6175,0.59875,0.018750000000000044,0.5875,0.575,0.012500000000000067
P01,cnn,PO7,24,0.6175,0.5993750000000001,0.018124999999999947,0.5875,0.575,0.012500000000000067
P01,cnn,PO3,25,0.6175,0.59625,0.021250000000000102,0.5875,0.575,0.012500000000000067
P01,cnn,O1,26,0.6175,0.615625,0.001875000000000071,0.5875,0.575,0.012500000000000067
P01,cnn,Iz,27,0.6175,0.629375,-0.011874999999999969,0.5875,0.55,0.03749999999999998
P01,cnn,Oz,28,0.6175,0.5925,0.025000000000000022,0.5875,0.575,0.012500000000000067
P01,cnn,POz,29,0.6175,0.6100000000000001,0.007499999999999951,0.5875,0.55,0.03749999999999998
P01,cnn,Pz,30,0.6175,0.608125,0.009375000000000022,0.5875,0.5875,0.0
P01,cnn,CPz,31,0.6175,0.60125,0.016250000000000098,0.5875,0.5875,0.0
P01,cnn,Fpz,32,0.6175,0.60875,0.008750000000000036,0.5875,0.525,0.0625
P01,cnn,Fp2,33,0.6175,0.608125,0.009375000000000022,0.5875,0.5875,0.0
P01,cnn,AF8,34,0.6175,0.608125,0.009375000000000022,0.5875,0.55,0.03749999999999998
P01,cnn,AF4,35,0.6175,0.6075,0.010000000000000009,0.5875,0.6125,-0.025000000000000022
P01,cnn,AFz,36,0.6175,0.6125,0.0050000000000000044,0.5875,0.5875,0.0
P01,cnn,Fz,37,0.6175,0.60625,0.011250000000000093,0.5875,0.5625,0.025000000000000022
P01,cnn,F2,38,0.6175,0.614375,0.0031250000000000444,0.5875,0.5875,0.0
P01,cnn,F4,39,0.6175,0.6031249999999999,0.014375000000000138,0.5875,0.5625,0.025000000000000022
P01,cnn,F6,40,0.6175,0.61875,-0.0012499999999999734,0.5875,0.575,0.012500000000000067
P01,cnn,F8,41,0.6175,0.6125,0.0050000000000000044,0.5875,0.55,0.03749999999999998
P01,cnn,FT8,42,0.6175,0.6199999999999999,-0.0024999999999998357,0.5875,0.5875,0.0
P01,cnn,FC6,43,0.6175,0.6175,0.0,0.5875,0.5625,0.025000000000000022
P01,cnn,FC4,44,0.6175,0.6100000000000001,0.007499999999999951,0.5875,0.6,-0.012499999999999956
P01,cnn,FC2,45,0.6175,0.581875,0.03562500000000002,0.5875,0.5375,0.050000000000000044
P01,cnn,FCz,46,0.6175,0.6056250000000001,0.011874999999999969,0.5875,0.5375,0.050000000000000044
P01,cnn,Cz,47,0.6175,0.6031249999999999,0.014375000000000138,0.5875,0.55,0.03749999999999998
P01,cnn,C2,48,0.6175,0.609375,0.008125000000000049,0.5875,0.55,0.03749999999999998
P01,cnn,C4,49,0.6175,0.606875,0.010624999999999996,0.5875,0.575,0.012500000000000067
P01,cnn,C6,50,0.6175,0.61625,0.0012500000000000844,0.5875,0.5625,0.025000000000000022
P01,cnn,T8,51,0.6175,0.614375,0.0031250000000000444,0.5875,0.5625,0.025000000000000022
P01,cnn,TP8,52,0.6175,0.6025,0.015000000000000013,0.5875,0.5375,0.050000000000000044
P01,cnn,CP6,53,0.6175,0.615625,0.001875000000000071,0.5875,0.575,0.012500000000000067
P01,cnn,CP4,54,0.6175,0.610625,0.0068750000000000755,0.5875,0.575,0.012500000000000067
P01,cnn,CP2,55,0.6175,0.611875,0.005625000000000102,0.5875,0.55,0.03749999999999998
P01,cnn,P2,56,0.6175,0.5987500000000001,0.018749999999999933,0.5875,0.5625,0.025000000000000022
P01,cnn,P4,57,0.6175,0.613125,0.004375000000000018,0.5875,0.5875,0.0
P01,cnn,P6,58,0.6175,0.621875,-0.004374999999999907,0.5875,0.5875,0.0
P01,cnn,P8,59,0.6175,0.594375,0.023125000000000062,0.5875,0.55,0.03749999999999998
P01,cnn,P10,60,0.6175,0.618125,-0.0006249999999999867,0.5875,0.5375,0.050000000000000044
P01,cnn,PO8,61,0.6175,0.5974999999999999,0.02000000000000013,0.5875,0.55,0.03749999999999998
P01,cnn,PO4,62,0.6175,0.6031249999999999,0.014375000000000138,0.5875,0.6,-0.012499999999999956
P01,cnn,O2,63,0.6175,0.6025,0.015000000000000013,0.5875,0.5875,0.0
P02,cnn,Fp1,0,0.5265624999999999,0.52,0.006562499999999916,0.525,0.525,0.0
P02,cnn,AF7,1,0.5265624999999999,0.52625,0.00031249999999993783,0.525,0.5125,0.012500000000000067
P02,cnn,AF3,2,0.5265624999999999,0.52125,0.005312499999999942,0.525,0.55,-0.025000000000000022
P02,cnn,F1,3,0.5265624999999999,0.529375,-0.0028125000000001066,0.525,0.5625,-0.03749999999999998
P02,cnn,F3,4,0.5265624999999999,0.5337500000000001,-0.007187500000000124,0.525,0.5625,-0.03749999999999998
P02,cnn,F5,5,0.5265624999999999,0.520625,0.005937499999999929,0.525,0.525,0.0
P02,cnn,F7,6,0.5265624999999999,0.52,0.006562499999999916,0.525,0.5375,-0.012499999999999956
P02,cnn,FT7,7,0.5265624999999999,0.5193749999999999,0.007187500000000013,0.525,0.5375,-0.012499999999999956
P02,cnn,FC5,8,0.5265624999999999,0.531875,-0.005312500000000053,0.525,0.525,0.0
P02,cnn,FC3,9,0.5265624999999999,0.519375,0.007187499999999902,0.525,0.55,-0.025000000000000022
P02,cnn,FC1,10,0.5265624999999999,0.530625,-0.00406250000000008,0.525,0.5375,-0.012499999999999956
P02,cnn,C1,11,0.5265624999999999,0.5162500000000001,0.010312499999999836,0.525,0.525,0.0
P02,cnn,C3,12,0.5265624999999999,0.5249999999999999,0.0015625000000000222,0.525,0.525,0.0
P02,cnn,C5,13,0.5265624999999999,0.52,0.006562499999999916,0.525,0.5125,0.012500000000000067
P02,cnn,T7,14,0.5265624999999999,0.520625,0.005937499999999929,0.525,0.5125,0.012500000000000067
P02,cnn,TP7,15,0.5265624999999999,0.51625,0.010312499999999947,0.525,0.5375,-0.012499999999999956
P02,cnn,CP5,16,0.5265624999999999,0.5237499999999999,0.0028124999999999956,0.525,0.5,0.025000000000000022
P02,cnn,CP3,17,0.5265624999999999,0.52,0.006562499999999916,0.525,0.5375,-0.012499999999999956
P02,cnn,CP1,18,0.5265624999999999,0.52375,0.0028124999999998845,0.525,0.5,0.025000000000000022
P02,cnn,P1,19,0.5265624999999999,0.531875,-0.005312500000000053,0.525,0.5625,-0.03749999999999998
P02,cnn,P3,20,0.5265624999999999,0.52125,0.005312499999999942,0.525,0.5125,0.012500000000000067
P02,cnn,P5,21,0.5265624999999999,0.513125,0.01343749999999988,0.525,0.5125,0.012500000000000067
P02,cnn,P7,22,0.5265624999999999,0.525625,0.0009374999999999245,0.525,0.5375,-0.012499999999999956
P02,cnn,P9,23,0.5265624999999999,0.526875,-0.00031250000000004885,0.525,0.55,-0.025000000000000022
P02,cnn,PO7,24,0.5265624999999999,0.520625,0.005937499999999929,0.525,0.525,0.0
P02,cnn,PO3,25,0.5265624999999999,0.5225,0.004062499999999969,0.525,0.525,0.0
P02,cnn,O1,26,0.5265624999999999,0.515625,0.010937499999999933,0.525,0.525,0.0
P02,cnn,Iz,27,0.5265624999999999,0.5231250000000001,0.003437499999999871,0.525,0.5375,-0.012499999999999956
P02,cnn,Oz,28,0.5265624999999999,0.525625,0.0009374999999999245,0.525,0.5625,-0.03749999999999998
P02,cnn,POz,29,0.5265624999999999,0.5249999999999999,0.0015625000000000222,0.525,0.5125,0.012500000000000067
P02,cnn,Pz,30,0.5265624999999999,0.528125,-0.0015625000000000222,0.525,0.5625,-0.03749999999999998
P02,cnn,CPz,31,0.5265624999999999,0.5287499999999999,-0.002187500000000009,0.525,0.525,0.0
P02,cnn,Fpz,32,0.5265624999999999,0.52375,0.0028124999999998845,0.525,0.5375,-0.012499999999999956
P02,cnn,Fp2,33,0.5265624999999999,0.525625,0.0009374999999999245,0.525,0.5375,-0.012499999999999956
P02,cnn,AF8,34,0.5265624999999999,0.5237499999999999,0.0028124999999999956,0.525,0.5375,-0.012499999999999956
P02,cnn,AF4,35,0.5265624999999999,0.533125,-0.006562500000000027,0.525,0.55,-0.025000000000000022
P02,cnn,AFz,36,0.5265624999999999,0.520625,0.005937499999999929,0.525,0.525,0.0
P02,cnn,Fz,37,0.5265624999999999,0.525625,0.0009374999999999245,0.525,0.525,0.0
P02,cnn,F2,38,0.5265624999999999,0.5343749999999999,-0.0078125,0.525,0.5125,0.012500000000000067
P02,cnn,F4,39,0.5265624999999999,0.5337500000000001,-0.007187500000000124,0.525,0.55,-0.025000000000000022
P02,cnn,F6,40,0.5265624999999999,0.5318750000000001,-0.005312500000000164,0.525,0.575,-0.04999999999999993
P02,cnn,F8,41,0.5265624999999999,0.5337500000000001,-0.007187500000000124,0.525,0.525,0.0
P02,cnn,FT8,42,0.5265624999999999,0.525,0.0015624999999999112,0.525,0.5375,-0.012499999999999956
P02,cnn,FC6,43,0.5265624999999999,0.520625,0.005937499999999929,0.525,0.5375,-0.012499999999999956
P02,cnn,FC4,44,0.5265624999999999,0.5225,0.004062499999999969,0.525,0.5375,-0.012499999999999956
P02,cnn,FC2,45,0.5265624999999999,0.52625,0.00031249999999993783,0.525,0.525,0.0
P02,cnn,FCz,46,0.5265624999999999,0.529375,-0.0028125000000001066,0.525,0.525,0.0
P02,cnn,Cz,47,0.5265624999999999,0.5249999999999999,0.0015625000000000222,0.525,0.55,-0.025000000000000022
P02,cnn,C2,48,0.5265624999999999,0.525625,0.0009374999999999245,0.525,0.525,0.0
P02,cnn,C4,49,0.5265624999999999,0.518125,0.008437499999999987,0.525,0.5125,0.012500000000000067
P02,cnn,C6,50,0.5265624999999999,0.51875,0.007812499999999889,0.525,0.575,-0.04999999999999993
P02,cnn,T8,51,0.5265624999999999,0.530625,-0.00406250000000008,0.525,0.55,-0.025000000000000022
P02,cnn,TP8,52,0.5265624999999999,0.508125,0.018437499999999885,0.525,0.5125,0.012500000000000067
P02,cnn,CP6,53,0.5265624999999999,0.53625,-0.009687500000000071,0.525,0.55,-0.025000000000000022
P02,cnn,CP4,54,0.5265624999999999,0.50875,0.017812499999999898,0.525,0.5375,-0.012499999999999956
P02,cnn,CP2,55,0.5265624999999999,0.515625,0.010937499999999933,0.525,0.5125,0.012500000000000067
P02,cnn,P2,56,0.5265624999999999,0.52625,0.00031249999999993783,0.525,0.5625,-0.03749999999999998
P02,cnn,P4,57,0.5265624999999999,0.51875,0.007812499999999889,0.525,0.5,0.025000000000000022
P02,cnn,P6,58,0.5265624999999999,0.52625,0.00031249999999993783,0.525,0.5625,-0.03749999999999998
P02,cnn,P8,59,0.5265624999999999,0.5125000000000001,0.014062499999999867,0.525,0.5375,-0.012499999999999956
P02,cnn,P10,60,0.5265624999999999,0.52375,0.0028124999999998845,0.525,0.525,0.0
P02,cnn,PO8,61,0.5265624999999999,0.50875,0.017812499999999898,0.525,0.525,0.0
P02,cnn,PO4,62,0.5265624999999999,0.5231250000000001,0.003437499999999871,0.525,0.55,-0.025000000000000022
P02,cnn,O2,63,0.5265624999999999,0.53,-0.0034375000000000933,0.525,0.5375,-0.012499999999999956
P03,cnn,Fp1,0,0.5906250000000001,0.5837500000000001,0.0068749999999999645,0.5625,0.6,-0.03749999999999998
P03,cnn,AF7,1,0.5906250000000001,0.6000000000000001,-0.009375000000000022,0.5625,0.5625,0.0
P03,cnn,AF3,2,0.5906250000000001,0.58875,0.001875000000000071,0.5625,0.575,-0.012499999999999956
P03,cnn,F1,3,0.5906250000000001,0.60375,-0.013124999999999942,0.5625,0.55,0.012499999999999956
P03,cnn,F3,4,0.5906250000000001,0.605,-0.014374999999999916,0.5625,0.5625,0.0
P03,cnn,F5,5,0.5906250000000001,0.596875,-0.006249999999999978,0.5625,0.5625,0.0
P03,cnn,F7,6,0.5906250000000001,0.5912499999999999,-0.0006249999999998757,0.5625,0.55,0.012499999999999956
P03,cnn,FT7,7,0.5906250000000001,0.605,-0.014374999999999916,0.5625,0.575,-0.012499999999999956
P03,cnn,FC5,8,0.5906250000000001,0.599375,-0.008749999999999925,0.5625,0.575,-0.012499999999999956
P03,cnn,FC3,9,0.5906250000000001,0.5774999999999999,0.013125000000000164,0.5625,0.5625,0.0
P03,cnn,FC1,10,0.5906250000000001,0.59875,-0.008124999999999938,0.5625,0.575,-0.012499999999999956
P03,cnn,C1,11,0.5906250000000001,0.5975,-0.0068749999999999645,0.5625,0.55,0.012499999999999956
P03,cnn,C3,12,0.5906250000000001,0.5706249999999999,0.02000000000000013,0.5625,0.5875,-0.025000000000000022
P03,cnn,C5,13,0.5906250000000001,0.5987500000000001,-0.008125000000000049,0.5625,0.575,-0.012499999999999956
P03,cnn,T7,14,0.5906250000000001,0.6006250000000001,-0.010000000000000009,0.5625,0.5625,0.0
P03,cnn,TP7,15,0.5906250000000001,0.598125,-0.007499999999999951,0.5625,0.5625,0.0
P03,cnn,CP5,16,0.5906250000000001,0.586875,0.003750000000000031,0.5625,0.575,-0.012499999999999956
P03,cnn,CP3,17,0.5906250000000001,0.6075,-0.016874999999999973,0.5625,0.5625,0.0
P03,cnn,CP1,18,0.5906250000000001,0.6075,-0.016874999999999973,0.5625,0.55,0.012499999999999956
P03,cnn,P1,19,0.5906250000000001,0.6099999999999999,-0.01937499999999981,0.5625,0.5625,0.0
P03,cnn,P3,20,0.5906250000000001,0.5862499999999999,0.004375000000000129,0.5625,0.5875,-0.025000000000000022
P03,cnn,P5,21,0.5906250000000001,0.5825,0.008125000000000049,0.5625,0.575,-0.012499999999999956
P03,cnn,P7,22,0.5906250000000001,0.586875,0.003750000000000031,0.5625,0.6,-0.03749999999999998
P03,cnn,P9,23,0.5906250000000001,0.593125,-0.0024999999999999467,0.5625,0.6,-0.03749999999999998
P03,cnn,PO7,24,0.5906250000000001,0.5825,0.008125000000000049,0.5625,0.5875,-0.025000000000000022
P03,cnn,PO3,25,0.5906250000000001,0.56375,0.026875000000000093,0.5625,0.5625,0.0
P03,cnn,O1,26,0.5906250000000001,0.58375,0.0068750000000000755,0.5625,0.5625,0.0
P03,cnn,Iz,27,0.5906250000000001,0.585,0.005625000000000102,0.5625,0.55,0.012499999999999956
P03,cnn,Oz,28,0.5906250000000001,0.59625,-0.00562499999999988,0.5625,0.575,-0.012499999999999956
P03,cnn,POz,29,0.5906250000000001,0.5875,0.0031250000000000444,0.5625,0.5625,0.0
P03,cnn,Pz,30,0.5906250000000001,0.5924999999999999,-0.001874999999999849,0.5625,0.575,-0.012499999999999956
P03,cnn,CPz,31,0.5906250000000001,0.5900000000000001,0.0006249999999999867,0.5625,0.5875,-0.025000000000000022
P03,cnn,Fpz,32,0.5906250000000001,0.5875,0.0031250000000000444,0.5625,0.55,0.012499999999999956
P03,cnn,Fp2,33,0.5906250000000001,0.6,-0.009374999999999911,0.5625,0.575,-0.012499999999999956
P03,cnn,AF8,34,0.5906250000000001,0.59125,-0.0006249999999999867,0.5625,0.575,-0.012499999999999956
P03,cnn,AF4,35,0.5906250000000001,0.58625,0.004375000000000018,0.5625,0.575,-0.012499999999999956
P03,cnn,AFz,36,0.5906250000000001,0.598125,-0.007499999999999951,0.5625,0.5625,0.0
P03,cnn,Fz,37,0.5906250000000001,0.589375,0.0012500000000000844,0.5625,0.575,-0.012499999999999956
P03,cnn,F2,38,0.5906250000000001,0.58875,0.001875000000000071,0.5625,0.575,-0.012499999999999956
P03,cnn,F4,39,0.5906250000000001,0.596875,-0.006249999999999978,0.5625,0.5875,-0.025000000000000022
P03,cnn,F6,40,0.5906250000000001,0.5968749999999999,-0.006249999999999867,0.5625,0.5625,0.0
P03,cnn,F8,41,0.5906250000000001,0.588125,0.0025000000000000577,0.5625,0.55,0.012499999999999956
P03,cnn,FT8,42,0.5906250000000001,0.5900000000000001,0.0006249999999999867,0.5625,0.5625,0.0
P03,cnn,FC6,43,0.5906250000000001,0.586875,0.003750000000000031,0.5625,0.5625,0.0
P03,cnn,FC4,44,0.5906250000000001,0.5793750000000001,0.011249999999999982,0.5625,0.575,-0.012499999999999956
P03,cnn,FC2,45,0.5906250000000001,0.58,0.010625000000000107,0.5625,0.55,0.012499999999999956
P03,cnn,FCz,46,0.5906250000000001,0.5806250000000001,0.010000000000000009,0.5625,0.5875,-0.025000000000000022
P03,cnn,Cz,47,0.5906250000000001,0.591875,-0.0012499999999999734,0.5625,0.5625,0.0
P03,cnn,C2,48,0.5906250000000001,0.596875,-0.006249999999999978,0.5625,0.575,-0.012499999999999956
P03,cnn,C4,49,0.5906250000000001,0.5981249999999999,-0.00749999999999984,0.5625,0.5625,0.0
P03,cnn,C6,50,0.5906250000000001,0.6056250000000001,-0.015000000000000013,0.5625,0.6,-0.03749999999999998
P03,cnn,T8,51,0.5906250000000001,0.5900000000000001,0.0006249999999999867,0.5625,0.5625,0.0
P03,cnn,TP8,52,0.5906250000000001,0.5906250000000001,0.0,0.5625,0.5625,0.0
P03,cnn,CP6,53,0.5906250000000001,0.6012500000000001,-0.010624999999999996,0.5625,0.575,-0.012499999999999956
P03,cnn,CP4,54,0.5906250000000001,0.573125,0.01750000000000007,0.5625,0.575,-0.012499999999999956
P03,cnn,CP2,55,0.5906250000000001,0.58625,0.004375000000000018,0.5625,0.55,0.012499999999999956
P03,cnn,P2,56,0.5906250000000001,0.59125,-0.0006249999999999867,0.5625,0.575,-0.012499999999999956
P03,cnn,P4,57,0.5906250000000001,0.57,0.020625000000000115,0.5625,0.5625,0.0
P03,cnn,P6,58,0.5906250000000001,0.59,0.0006250000000000977,0.5625,0.575,-0.012499999999999956
P03,cnn,P8,59,0.5906250000000001,0.584375,0.006250000000000089,0.5625,0.5625,0.0
P03,cnn,P10,60,0.5906250000000001,0.6099999999999999,-0.01937499999999981,0.5625,0.575,-0.012499999999999956
P03,cnn,PO8,61,0.5906250000000001,0.573125,0.01750000000000007,0.5625,0.575,-0.012499999999999956
P03,cnn,PO4,62,0.5906250000000001,0.5856249999999998,0.0050000000000002265,0.5625,0.5875,-0.025000000000000022
P03,cnn,O2,63,0.5906250000000001,0.5825,0.008125000000000049,0.5625,0.55,0.012499999999999956
P05,cnn,Fp1,0,0.613125,0.6118750000000001,0.0012499999999999734,0.5375,0.55,-0.012500000000000067
P05,cnn,AF7,1,0.613125,0.620625,-0.007499999999999951,0.5375,0.5625,-0.025000000000000022
P05,cnn,AF3,2,0.613125,0.5974999999999999,0.01562500000000011,0.5375,0.5375,0.0
P05,cnn,F1,3,0.613125,0.6162500000000001,-0.0031250000000000444,0.5375,0.5375,0.0
P05,cnn,F3,4,0.613125,0.6224999999999999,-0.009374999999999911,0.5375,0.5375,0.0
P05,cnn,F5,5,0.613125,0.6043750000000001,0.008749999999999925,0.5375,0.525,0.012499999999999956
P05,cnn,F7,6,0.613125,0.6162500000000001,-0.0031250000000000444,0.5375,0.5625,-0.025000000000000022
P05,cnn,FT7,7,0.613125,0.59875,0.014375000000000027,0.5375,0.525,0.012499999999999956
P05,cnn,FC5,8,0.613125,0.6118750000000001,0.0012499999999999734,0.5375,0.5375,0.0
P05,cnn,FC3,9,0.613125,0.62,-0.0068749999999999645,0.5375,0.55,-0.012500000000000067
P05,cnn,FC1,10,0.613125,0.60375,0.009375000000000022,0.5375,0.55,-0.012500000000000067
P05,cnn,C1,11,0.613125,0.615,-0.00187499999999996,0.5375,0.55,-0.012500000000000067
P05,cnn,C3,12,0.613125,0.6143749999999999,-0.0012499999999998623,0.5375,0.5875,-0.050000000000000044
P05,cnn,C5,13,0.613125,0.62375,-0.010624999999999996,0.5375,0.575,-0.03749999999999998
P05,cnn,T7,14,0.613125,0.605625,0.007500000000000062,0.5375,0.525,0.012499999999999956
P05,cnn,TP7,15,0.613125,0.6006250000000001,0.012499999999999956,0.5375,0.5625,-0.025000000000000022
P05,cnn,CP5,16,0.613125,0.6106250000000001,0.0024999999999999467,0.5375,0.55,-0.012500000000000067
P05,cnn,CP3,17,0.613125,0.614375,-0.0012499999999999734,0.5375,0.5375,0.0
P05,cnn,CP1,18,0.613125,0.5968749999999999,0.016250000000000098,0.5375,0.525,0.012499999999999956
P05,cnn,P1,19,0.613125,0.59625,0.016875000000000084,0.5375,0.5125,0.025000000000000022
P05,cnn,P3,20,0.613125,0.606875,0.006249999999999978,0.5375,0.55,-0.012500000000000067
P05,cnn,P5,21,0.613125,0.5975,0.015625,0.5375,0.525,0.012499999999999956
P05,cnn,P7,22,0.613125,0.608125,0.0050000000000000044,0.5375,0.525,0.012499999999999956
P05,cnn,P9,23,0.613125,0.614375,-0.0012499999999999734,0.5375,0.5375,0.0
P05,cnn,PO7,24,0.613125,0.61125,0.001875000000000071,0.5375,0.575,-0.03749999999999998
P05,cnn,PO3,25,0.613125,0.6006250000000001,0.012499999999999956,0.5375,0.525,0.012499999999999956
P05,cnn,O1,26,0.613125,0.6093750000000001,0.00374999999999992,0.5375,0.55,-0.012500000000000067
P05,cnn,Iz,27,0.613125,0.611875,0.0012500000000000844,0.5375,0.55,-0.012500000000000067
P05,cnn,Oz,28,0.613125,0.615,-0.00187499999999996,0.5375,0.5375,0.0
P05,cnn,POz,29,0.613125,0.58875,0.024375000000000036,0.5375,0.55,-0.012500000000000067
P05,cnn,Pz,30,0.613125,0.596875,0.016249999999999987,0.5375,0.525,0.012499999999999956
P05,cnn,CPz,31,0.613125,0.6006250000000001,0.012499999999999956,0.5375,0.55,-0.012500000000000067
P05,cnn,Fpz,32,0.613125,0.611875,0.0012500000000000844,0.5375,0.525,0.012499999999999956
P05,cnn,Fp2,33,0.613125,0.6056250000000001,0.007499999999999951,0.5375,0.55,-0.012500000000000067
P05,cnn,AF8,34,0.613125,0.60875,0.004375000000000018,0.5375,0.5375,0.0
P05,cnn,AF4,35,0.613125,0.60625,0.0068750000000000755,0.5375,0.55,-0.012500000000000067
P05,cnn,AFz,36,0.613125,0.611875,0.0012500000000000844,0.5375,0.55,-0.012500000000000067
P05,cnn,Fz,37,0.613125,0.609375,0.003750000000000031,0.5375,0.525,0.012499999999999956
P05,cnn,F2,38,0.613125,0.60375,0.009375000000000022,0.5375,0.5625,-0.025000000000000022
P05,cnn,F4,39,0.613125,0.6175,-0.004375000000000018,0.5375,0.55,-0.012500000000000067
P05,cnn,F6,40,0.613125,0.614375,-0.0012499999999999734,0.5375,0.55,-0.012500000000000067
P05,cnn,F8,41,0.613125,0.608125,0.0050000000000000044,0.5375,0.5125,0.025000000000000022
P05,cnn,FT8,42,0.613125,0.60875,0.004375000000000018,0.5375,0.5125,0.025000000000000022
P05,cnn,FC6,43,0.613125,0.609375,0.003750000000000031,0.5375,0.5375,0.0
P05,cnn,FC4,44,0.613125,0.5975,0.015625,0.5375,0.5625,-0.025000000000000022
P05,cnn,FC2,45,0.613125,0.6024999999999999,0.010625000000000107,0.5375,0.525,0.012499999999999956
P05,cnn,FCz,46,0.613125,0.609375,0.003750000000000031,0.5375,0.55,-0.012500000000000067
P05,cnn,Cz,47,0.613125,0.5975,0.015625,0.5375,0.55,-0.012500000000000067
P05,cnn,C2,48,0.613125,0.595,0.018125000000000058,0.5375,0.5375,0.0
P05,cnn,C4,49,0.613125,0.608125,0.0050000000000000044,0.5375,0.5375,0.0
P05,cnn,C6,50,0.613125,0.605,0.008125000000000049,0.5375,0.5625,-0.025000000000000022
P05,cnn,T8,51,0.613125,0.608125,0.0050000000000000044,0.5375,0.5125,0.025000000000000022
P05,cnn,TP8,52,0.613125,0.62375,-0.010624999999999996,0.5375,0.5625,-0.025000000000000022
P05,cnn,CP6,53,0.613125,0.604375,0.008750000000000036,0.5375,0.55,-0.012500000000000067
P05,cnn,CP4,54,0.613125,0.608125,0.0050000000000000044,0.5375,0.525,0.012499999999999956
P05,cnn,CP2,55,0.613125,0.6168750000000001,-0.003750000000000031,0.5375,0.5375,0.0
P05,cnn,P2,56,0.613125,0.6225,-0.009375000000000022,0.5375,0.5875,-0.050000000000000044
P05,cnn,P4,57,0.613125,0.613125,0.0,0.5375,0.55,-0.012500000000000067
P05,cnn,P6,58,0.613125,0.614375,-0.0012499999999999734,0.5375,0.525,0.012499999999999956
P05,cnn,P8,59,0.613125,0.64375,-0.030625000000000013,0.5375,0.55,-0.012500000000000067
P05,cnn,P10,60,0.613125,0.61875,-0.005624999999999991,0.5375,0.5375,0.0
P05,cnn,PO8,61,0.613125,0.593125,0.020000000000000018,0.5375,0.5625,-0.025000000000000022
P05,cnn,PO4,62,0.613125,0.61875,-0.005624999999999991,0.5375,0.5625,-0.025000000000000022
P05,cnn,O2,63,0.613125,0.578125,0.03500000000000003,0.5375,0.5375,0.0
P06,cnn,Fp1,0,0.60375,0.5950000000000001,0.008749999999999925,0.575,0.575,0.0
P06,cnn,AF7,1,0.60375,0.594375,0.009375000000000022,0.575,0.575,0.0
P06,cnn,AF3,2,0.60375,0.5987499999999999,0.0050000000000001155,0.575,0.6,-0.025000000000000022
P06,cnn,F1,3,0.60375,0.6018749999999999,0.001875000000000071,0.575,0.575,0.0
P06,cnn,F3,4,0.60375,0.5925,0.011249999999999982,0.575,0.575,0.0
P06,cnn,F5,5,0.60375,0.625,-0.02124999999999999,0.575,0.5875,-0.012500000000000067
P06,cnn,F7,6,0.60375,0.569375,0.034375000000000044,0.575,0.5875,-0.012500000000000067
P06,cnn,FT7,7,0.60375,0.60875,-0.0050000000000000044,0.575,0.5625,0.012499999999999956
P06,cnn,FC5,8,0.60375,0.548125,0.055625000000000036,0.575,0.6,-0.025000000000000022
P06,cnn,FC3,9,0.60375,0.6074999999999999,-0.00374999999999992,0.575,0.5875,-0.012500000000000067
P06,cnn,FC1,10,0.60375,0.606875,-0.0031250000000000444,0.575,0.5875,-0.012500000000000067
P06,cnn,C1,11,0.60375,0.5987500000000001,0.004999999999999893,0.575,0.5875,-0.012500000000000067
P06,cnn,C3,12,0.60375,0.610625,-0.0068749999999999645,0.575,0.5875,-0.012500000000000067
P06,cnn,C5,13,0.60375,0.6156250000000001,-0.01187500000000008,0.575,0.5875,-0.012500000000000067
P06,cnn,T7,14,0.60375,0.6193750000000001,-0.01562500000000011,0.575,0.6,-0.025000000000000022
P06,cnn,TP7,15,0.60375,0.599375,0.004375000000000018,0.575,0.575,0.0
P06,cnn,CP5,16,0.60375,0.6112500000000001,-0.007500000000000062,0.575,0.5625,0.012499999999999956
P06,cnn,CP3,17,0.60375,0.608125,-0.004375000000000018,0.575,0.5625,0.012499999999999956
P06,cnn,CP1,18,0.60375,0.605,-0.0012499999999999734,0.575,0.575,0.0
P06,cnn,P1,19,0.60375,0.59625,0.007500000000000062,0.575,0.575,0.0
P06,cnn,P3,20,0.60375,0.600625,0.0031250000000000444,0.575,0.6125,-0.03750000000000009
P06,cnn,P5,21,0.60375,0.59375,0.010000000000000009,0.575,0.575,0.0
P06,cnn,P7,22,0.60375,0.6062500000000001,-0.0025000000000000577,0.575,0.575,0.0
P06,cnn,P9,23,0.60375,0.6112500000000001,-0.007500000000000062,0.575,0.5625,0.012499999999999956
P06,cnn,PO7,24,0.60375,0.595,0.008750000000000036,0.575,0.575,0.0
P06,cnn,PO3,25,0.60375,0.581875,0.021874999999999978,0.575,0.5875,-0.012500000000000067
P06,cnn,O1,26,0.60375,0.609375,-0.005624999999999991,0.575,0.6125,-0.03750000000000009
P06,cnn,Iz,27,0.60375,0.5924999999999999,0.011250000000000093,0.575,0.5875,-0.012500000000000067
P06,cnn,Oz,28,0.60375,0.605625,-0.00187499999999996,0.575,0.6,-0.025000000000000022
P06,cnn,POz,29,0.60375,0.601875,0.00187499999999996,0.575,0.575,0.0
P06,cnn,Pz,30,0.60375,0.6012500000000001,0.0024999999999999467,0.575,0.55,0.02499999999999991
P06,cnn,CPz,31,0.60375,0.60125,0.0025000000000000577,0.575,0.575,0.0
P06,cnn,Fpz,32,0.60375,0.6006250000000001,0.0031249999999999334,0.575,0.5875,-0.012500000000000067
P06,cnn,Fp2,33,0.60375,0.606875,-0.0031250000000000444,0.575,0.5875,-0.012500000000000067
P06,cnn,AF8,34,0.60375,0.5875,0.016249999999999987,0.575,0.5625,0.012499999999999956
P06,cnn,AF4,35,0.60375,0.6068749999999999,-0.0031249999999999334,0.575,0.5625,0.012499999999999956
P06,cnn,AFz,36,0.60375,0.614375,-0.010624999999999996,0.575,0.575,0.0
P06,cnn,Fz,37,0.60375,0.6006250000000001,0.0031249999999999334,0.575,0.5875,-0.012500000000000067
P06,cnn,F2,38,0.60375,0.600625,0.0031250000000000444,0.575,0.6,-0.025000000000000022
P06,cnn,F4,39,0.60375,0.6068749999999999,-0.0031249999999999334,0.575,0.575,0.0
P06,cnn,F6,40,0.60375,0.6075,-0.003750000000000031,0.575,0.5625,0.012499999999999956
P06,cnn,F8,41,0.60375,0.588125,0.015625,0.575,0.575,0.0
P06,cnn,FT8,42,0.60375,0.59375,0.010000000000000009,0.575,0.5875,-0.012500000000000067
P06,cnn,FC6,43,0.60375,0.6056250000000001,-0.001875000000000071,0.575,0.5875,-0.012500000000000067
P06,cnn,FC4,44,0.60375,0.6075,-0.003750000000000031,0.575,0.5875,-0.012500000000000067
P06,cnn,FC2,45,0.60375,0.613125,-0.009375000000000022,0.575,0.575,0.0
P06,cnn,FCz,46,0.60375,0.608125,-0.004375000000000018,0.575,0.575,0.0
P06,cnn,Cz,47,0.60375,0.61625,-0.012499999999999956,0.575,0.575,0.0
P06,cnn,C2,48,0.60375,0.61875,-0.015000000000000013,0.575,0.575,0.0
P06,cnn,C4,49,0.60375,0.598125,0.005624999999999991,0.575,0.5625,0.012499999999999956
P06,cnn,C6,50,0.60375,0.595,0.008750000000000036,0.575,0.5625,0.012499999999999956
P06,cnn,T8,51,0.60375,0.61,-0.006249999999999978,0.575,0.6,-0.025000000000000022
P06,cnn,TP8,52,0.60375,0.60625,-0.0024999999999999467,0.575,0.5625,0.012499999999999956
P06,cnn,CP6,53,0.60375,0.60625,-0.0024999999999999467,0.575,0.55,0.02499999999999991
P06,cnn,CP4,54,0.60375,0.598125,0.005624999999999991,0.575,0.6,-0.025000000000000022
P06,cnn,CP2,55,0.60375,0.595,0.008750000000000036,0.575,0.5875,-0.012500000000000067
P06,cnn,P2,56,0.60375,0.598125,0.005624999999999991,0.575,0.5875,-0.012500000000000067
P06,cnn,P4,57,0.60375,0.60625,-0.0024999999999999467,0.575,0.575,0.0
P06,cnn,P6,58,0.60375,0.605,-0.0012499999999999734,0.575,0.5625,0.012499999999999956
P06,cnn,P8,59,0.60375,0.6225,-0.018750000000000044,0.575,0.5875,-0.012500000000000067
P06,cnn,P10,60,0.60375,0.605,-0.0012499999999999734,0.575,0.575,0.0
P06,cnn,PO8,61,0.60375,0.603125,0.0006249999999999867,0.575,0.6,-0.025000000000000022
P06,cnn,PO4,62,0.60375,0.6150000000000001,-0.011250000000000093,0.575,0.5625,0.012499999999999956
P06,cnn,O2,63,0.60375,0.61375,-0.010000000000000009,0.575,0.6,-0.025000000000000022
P07,cnn,Fp1,0,0.45562500000000006,0.440625,0.015000000000000069,0.525,0.525,0.0
P07,cnn,AF7,1,0.45562500000000006,0.456875,-0.0012499999999999178,0.525,0.5375,-0.012499999999999956
P07,cnn,AF3,2,0.45562500000000006,0.448125,0.007500000000000062,0.525,0.5375,-0.012499999999999956
P07,cnn,F1,3,0.45562500000000006,0.44437499999999996,0.011250000000000093,0.525,0.525,0.0
P07,cnn,F3,4,0.45562500000000006,0.4475,0.008125000000000049,0.525,0.5375,-0.012499999999999956
P07,cnn,F5,5,0.45562500000000006,0.46187500000000004,-0.006249999999999978,0.525,0.525,0.0
P07,cnn,F7,6,0.45562500000000006,0.44875000000000004,0.00687500000000002,0.525,0.5375,-0.012499999999999956
P07,cnn,FT7,7,0.45562500000000006,0.4525,0.0031250000000000444,0.525,0.5125,0.012500000000000067
P07,cnn,FC5,8,0.45562500000000006,0.445625,0.010000000000000064,0.525,0.525,0.0
P07,cnn,FC3,9,0.45562500000000006,0.4475,0.008125000000000049,0.525,0.5125,0.012500000000000067
P07,cnn,FC1,10,0.45562500000000006,0.456875,-0.0012499999999999178,0.525,0.5375,-0.012499999999999956
P07,cnn,C1,11,0.45562500000000006,0.451875,0.003750000000000031,0.525,0.5625,-0.03749999999999998
P07,cnn,C3,12,0.45562500000000006,0.450625,0.00500000000000006,0.525,0.5375,-0.012499999999999956
P07,cnn,C5,13,0.45562500000000006,0.448125,0.007500000000000062,0.525,0.525,0.0
P07,cnn,T7,14,0.45562500000000006,0.445,0.010625000000000051,0.525,0.55,-0.025000000000000022
P07,cnn,TP7,15,0.45562500000000006,0.44,0.015625000000000056,0.525,0.5125,0.012500000000000067
P07,cnn,CP5,16,0.45562500000000006,0.4600000000000001,-0.004375000000000018,0.525,0.525,0.0
P07,cnn,CP3,17,0.45562500000000006,0.44875000000000004,0.00687500000000002,0.525,0.525,0.0
P07,cnn,CP1,18,0.45562500000000006,0.4575,-0.00187499999999996,0.525,0.5375,-0.012499999999999956
P07,cnn,P1,19,0.45562500000000006,0.45250000000000007,0.003124999999999989,0.525,0.525,0.0
P07,cnn,P3,20,0.45562500000000006,0.45125000000000004,0.004375000000000018,0.525,0.5125,0.012500000000000067
P07,cnn,P5,21,0.45562500000000006,0.4525,0.0031250000000000444,0.525,0.5375,-0.012499999999999956
P07,cnn,P7,22,0.45562500000000006,0.44375000000000003,0.011875000000000024,0.525,0.55,-0.025000000000000022
P07,cnn,P9,23,0.45562500000000006,0.44375,0.01187500000000008,0.525,0.5375,-0.012499999999999956
P07,cnn,PO7,24,0.45562500000000006,0.46125000000000005,-0.005624999999999991,0.525,0.55,-0.025000000000000022
P07,cnn,PO3,25,0.45562500000000006,0.453125,0.0025000000000000577,0.525,0.5375,-0.012499999999999956
P07,cnn,O1,26,0.45562500000000006,0.455625,5.551115123125783e-17,0.525,0.5375,-0.012499999999999956
P07,cnn,Iz,27,0.45562500000000006,0.45062500000000005,0.0050000000000000044,0.525,0.525,0.0
P07,cnn,Oz,28,0.45562500000000006,0.45375,0.001875000000000071,0.525,0.525,0.0
P07,cnn,POz,29,0.45562500000000006,0.46,-0.004374999999999962,0.525,0.5375,-0.012499999999999956
P07,cnn,Pz,30,0.45562500000000006,0.45499999999999996,0.0006250000000000977,0.525,0.525,0.0
P07,cnn,CPz,31,0.45562500000000006,0.466875,-0.011249999999999927,0.525,0.55,-0.025000000000000022
P07,cnn,Fpz,32,0.45562500000000006,0.46749999999999997,-0.011874999999999913,0.525,0.5625,-0.03749999999999998
P07,cnn,Fp2,33,0.45562500000000006,0.459375,-0.00374999999999992,0.525,0.55,-0.025000000000000022
P07,cnn,AF8,34,0.45562500000000006,0.45124999999999993,0.004375000000000129,0.525,0.5125,0.012500000000000067
P07,cnn,AF4,35,0.45562500000000006,0.4475,0.008125000000000049,0.525,0.5375,-0.012499999999999956
P07,cnn,AFz,36,0.45562500000000006,0.445625,0.010000000000000064,0.525,0.525,0.0
P07,cnn,Fz,37,0.45562500000000006,0.43625,0.01937500000000003,0.525,0.525,0.0
P07,cnn,F2,38,0.45562500000000006,0.45562499999999995,1.1102230246251565e-16,0.525,0.5375,-0.012499999999999956
P07,cnn,F4,39,0.45562500000000006,0.45687500000000003,-0.0012499999999999734,0.525,0.5125,0.012500000000000067
P07,cnn,F6,40,0.45562500000000006,0.45499999999999996,0.0006250000000000977,0.525,0.55,-0.025000000000000022
P07,cnn,F8,41,0.45562500000000006,0.455625,5.551115123125783e-17,0.525,0.55,-0.025000000000000022
P07,cnn,FT8,42,0.45562500000000006,0.45875,-0.0031249999999999334,0.525,0.5375,-0.012499999999999956
P07,cnn,FC6,43,0.45562500000000006,0.45875,-0.0031249999999999334,0.525,0.5375,-0.012499999999999956
P07,cnn,FC4,44,0.45562500000000006,0.4462499999999999,0.009375000000000133,0.525,0.525,0.0
P07,cnn,FC2,45,0.45562500000000006,0.455625,5.551115123125783e-17,0.525,0.525,0.0
P07,cnn,FCz,46,0.45562500000000006,0.45375000000000004,0.0018750000000000155,0.525,0.525,0.0
P07,cnn,Cz,47,0.45562500000000006,0.4525,0.0031250000000000444,0.525,0.55,-0.025000000000000022
P07,cnn,C2,48,0.45562500000000006,0.45499999999999996,0.0006250000000000977,0.525,0.525,0.0
P07,cnn,C4,49,0.45562500000000006,0.4625,-0.0068749999999999645,0.525,0.525,0.0
P07,cnn,C6,50,0.45562500000000006,0.44875000000000004,0.00687500000000002,0.525,0.5,0.025000000000000022
P07,cnn,T8,51,0.45562500000000006,0.45687500000000003,-0.0012499999999999734,0.525,0.5375,-0.012499999999999956
P07,cnn,TP8,52,0.45562500000000006,0.459375,-0.00374999999999992,0.525,0.5,0.025000000000000022
P07,cnn,CP6,53,0.45562500000000006,0.443125,0.012500000000000067,0.525,0.5375,-0.012499999999999956
P07,cnn,CP4,54,0.45562500000000006,0.445625,0.010000000000000064,0.525,0.5375,-0.012499999999999956
P07,cnn,CP2,55,0.45562500000000006,0.45125000000000004,0.004375000000000018,0.525,0.525,0.0
P07,cnn,P2,56,0.45562500000000006,0.45125,0.004375000000000073,0.525,0.5375,-0.012499999999999956
P07,cnn,P4,57,0.45562500000000006,0.458125,-0.0024999999999999467,0.525,0.525,0.0
P07,cnn,P6,58,0.45562500000000006,0.44000000000000006,0.015625,0.525,0.5,0.025000000000000022
P07,cnn,P8,59,0.45562500000000006,0.44625000000000004,0.009375000000000022,0.525,0.525,0.0
P07,cnn,P10,60,0.45562500000000006,0.4425,0.013125000000000053,0.525,0.5125,0.012500000000000067
P07,cnn,PO8,61,0.45562500000000006,0.44625000000000004,0.009375000000000022,0.525,0.55,-0.025000000000000022
P07,cnn,PO4,62,0.45562500000000006,0.44875000000000004,0.00687500000000002,0.525,0.525,0.0
P07,cnn,O2,63,0.45562500000000006,0.43875000000000003,0.01687500000000003,0.525,0.5125,0.012500000000000067
P08,cnn,Fp1,0,0.4831649831649832,0.4856902356902357,-0.0025252525252525415,0.4782608695652174,0.4782608695652174,0.0
P08,cnn,AF7,1,0.4831649831649832,0.4797979797979798,0.003367003367003407,0.4782608695652174,0.5072463768115942,-0.02898550724637683
P08,cnn,AF3,2,0.4831649831649832,0.4915824915824916,-0.008417508417508435,0.4782608695652174,0.5072463768115942,-0.02898550724637683
P08,cnn,F1,3,0.4831649831649832,0.5050505050505051,-0.021885521885521897,0.4782608695652174,0.5507246376811594,-0.07246376811594202
P08,cnn,F3,4,0.4831649831649832,0.4747474747474747,0.00841750841750849,0.4782608695652174,0.4782608695652174,0.0
P08,cnn,F5,5,0.4831649831649832,0.4873737373737374,-0.004208754208754217,0.4782608695652174,0.4782608695652174,0.0
P08,cnn,F7,6,0.4831649831649832,0.48821548821548816,-0.005050505050504972,0.4782608695652174,0.4927536231884058,-0.014492753623188415
P08,cnn,FT7,7,0.4831649831649832,0.4772727272727273,0.005892255892255893,0.4782608695652174,0.4782608695652174,0.0
P08,cnn,FC5,8,0.4831649831649832,0.48400673400673394,-0.0008417508417507547,0.4782608695652174,0.5072463768115942,-0.02898550724637683
P08,cnn,FC3,9,0.4831649831649832,0.48148148148148145,0.0016835016835017313,0.4782608695652174,0.5072463768115942,-0.02898550724637683
P08,cnn,FC1,10,0.4831649831649832,0.47138047138047134,0.011784511784511842,0.4782608695652174,0.4782608695652174,0.0
P08,cnn,C1,11,0.4831649831649832,0.4907407407407407,-0.0075757575757575135,0.4782608695652174,0.5072463768115942,-0.02898550724637683
P08,cnn,C3,12,0.4831649831649832,0.46296296296296297,0.02020202020202022,0.4782608695652174,0.463768115942029,0.014492753623188415
P08,cnn,C5,13,0.4831649831649832,0.4873737373737374,-0.004208754208754217,0.4782608695652174,0.5217391304347826,-0.04347826086956519
P08,cnn,T7,14,0.4831649831649832,0.48400673400673405,-0.0008417508417508657,0.4782608695652174,0.4782608695652174,0.0
P08,cnn,TP7,15,0.4831649831649832,0.48063973063973064,0.0025252525252525415,0.4782608695652174,0.4927536231884058,-0.014492753623188415
P08,cnn,CP5,16,0.4831649831649832,0.49158249158249157,-0.00841750841750838,0.4782608695652174,0.5362318840579711,-0.05797101449275366
P08,cnn,CP3,17,0.4831649831649832,0.47390572390572394,0.009259259259259245,0.4782608695652174,0.463768115942029,0.014492753623188415
P08,cnn,CP1,18,0.4831649831649832,0.4764309764309765,0.006734006734006703,0.4782608695652174,0.4927536231884058,-0.014492753623188415
P08,cnn,P1,19,0.4831649831649832,0.4823232323232323,0.0008417508417508657,0.4782608695652174,0.5072463768115942,-0.02898550724637683
P08,cnn,P3,20,0.4831649831649832,0.48063973063973064,0.0025252525252525415,0.4782608695652174,0.4927536231884058,-0.014492753623188415
P08,cnn,P5,21,0.4831649831649832,0.4806397306397306,0.002525252525252597,0.4782608695652174,0.4927536231884058,-0.014492753623188415
P08,cnn,P7,22,0.4831649831649832,0.4823232323232323,0.0008417508417508657,0.4782608695652174,0.5217391304347826,-0.04347826086956519
P08,cnn,P9,23,0.4831649831649832,0.4941077441077441,-0.01094276094276092,0.4782608695652174,0.5217391304347826,-0.04347826086956519
P08,cnn,PO7,24,0.4831649831649832,0.4654882154882155,0.01767676767676768,0.4782608695652174,0.4782608695652174,0.0
P08,cnn,PO3,25,0.4831649831649832,0.48989898989898983,-0.006734006734006648,0.4782608695652174,0.5217391304347826,-0.04347826086956519
P08,cnn,O1,26,0.4831649831649832,0.4915824915824916,-0.008417508417508435,0.4782608695652174,0.5507246376811594,-0.07246376811594202
P08,cnn,Iz,27,0.4831649831649832,0.4898989898989899,-0.006734006734006703,0.4782608695652174,0.5217391304347826,-0.04347826086956519
P08,cnn,Oz,28,0.4831649831649832,0.4957912457912458,-0.012626262626262597,0.4782608695652174,0.4492753623188406,0.02898550724637683
P08,cnn,POz,29,0.4831649831649832,0.4747474747474748,0.00841750841750838,0.4782608695652174,0.4782608695652174,0.0
P08,cnn,Pz,30,0.4831649831649832,0.48737373737373735,-0.004208754208754162,0.4782608695652174,0.5362318840579711,-0.05797101449275366
P08,cnn,CPz,31,0.4831649831649832,0.4797979797979797,0.0033670033670034627,0.4782608695652174,0.4782608695652174,0.0
P08,cnn,Fpz,32,0.4831649831649832,0.4663299663299663,0.01683501683501687,0.4782608695652174,0.4782608695652174,0.0
P08,cnn,Fp2,33,0.4831649831649832,0.49747474747474746,-0.014309764309764272,0.4782608695652174,0.4927536231884058,-0.014492753623188415
P08,cnn,AF8,34,0.4831649831649832,0.49074074074074076,-0.007575757575757569,0.4782608695652174,0.4927536231884058,-0.014492753623188415
P08,cnn,AF4,35,0.4831649831649832,0.4814814814814815,0.0016835016835016758,0.4782608695652174,0.4927536231884058,-0.014492753623188415
P08,cnn,AFz,36,0.4831649831649832,0.47390572390572394,0.009259259259259245,0.4782608695652174,0.4782608695652174,0.0
P08,cnn,Fz,37,0.4831649831649832,0.4772727272727273,0.005892255892255893,0.4782608695652174,0.4927536231884058,-0.014492753623188415
P08,cnn,F2,38,0.4831649831649832,0.5,-0.016835016835016814,0.4782608695652174,0.5072463768115942,-0.02898550724637683
P08,cnn,F4,39,0.4831649831649832,0.4688552188552188,0.014309764309764383,0.4782608695652174,0.4927536231884058,-0.014492753623188415
P08,cnn,F6,40,0.4831649831649832,0.4696969696969697,0.013468013468013462,0.4782608695652174,0.5072463768115942,-0.02898550724637683
P08,cnn,F8,41,0.4831649831649832,0.48737373737373735,-0.004208754208754162,0.4782608695652174,0.5217391304347826,-0.04347826086956519
P08,cnn,FT8,42,0.4831649831649832,0.5016835016835017,-0.018518518518518545,0.4782608695652174,0.5507246376811594,-0.07246376811594202
P08,cnn,FC6,43,0.4831649831649832,0.4797979797979798,0.003367003367003407,0.4782608695652174,0.5072463768115942,-0.02898550724637683
P08,cnn,FC4,44,0.4831649831649832,0.48569023569023567,-0.002525252525252486,0.4782608695652174,0.4782608695652174,0.0
P08,cnn,FC2,45,0.4831649831649832,0.48569023569023567,-0.002525252525252486,0.4782608695652174,0.4927536231884058,-0.014492753623188415
P08,cnn,FCz,46,0.4831649831649832,0.4907407407407407,-0.0075757575757575135,0.4782608695652174,0.5072463768115942,-0.02898550724637683
P08,cnn,Cz,47,0.4831649831649832,0.484006734006734,-0.0008417508417508102,0.4782608695652174,0.4782608695652174,0.0
P08,cnn,C2,48,0.4831649831649832,0.484006734006734,-0.0008417508417508102,0.4782608695652174,0.5217391304347826,-0.04347826086956519
P08,cnn,C4,49,0.4831649831649832,0.5008417508417509,-0.01767676767676768,0.4782608695652174,0.5362318840579711,-0.05797101449275366
P08,cnn,C6,50,0.4831649831649832,0.4823232323232324,0.0008417508417508102,0.4782608695652174,0.5362318840579711,-0.05797101449275366
P08,cnn,T8,51,0.4831649831649832,0.4882154882154882,-0.0050505050505050275,0.4782608695652174,0.5217391304347826,-0.04347826086956519
P08,cnn,TP8,52,0.4831649831649832,0.4848484848484848,-0.0016835016835016203,0.4782608695652174,0.4927536231884058,-0.014492753623188415
P08,cnn,CP6,53,0.4831649831649832,0.4865319865319865,-0.003367003367003296,0.4782608695652174,0.4927536231884058,-0.014492753623188415
P08,cnn,CP4,54,0.4831649831649832,0.4924242424242424,-0.00925925925925919,0.4782608695652174,0.5072463768115942,-0.02898550724637683
P08,cnn,CP2,55,0.4831649831649832,0.4907407407407408,-0.0075757575757576245,0.4782608695652174,0.5362318840579711,-0.05797101449275366
P08,cnn,P2,56,0.4831649831649832,0.48148148148148145,0.0016835016835017313,0.4782608695652174,0.5072463768115942,-0.02898550724637683
P08,cnn,P4,57,0.4831649831649832,0.48400673400673405,-0.0008417508417508657,0.4782608695652174,0.4782608695652174,0.0
P08,cnn,P6,58,0.4831649831649832,0.48653198653198654,-0.0033670033670033517,0.4782608695652174,0.5217391304347826,-0.04347826086956519
P08,cnn,P8,59,0.4831649831649832,0.48737373737373735,-0.004208754208754162,0.4782608695652174,0.5362318840579711,-0.05797101449275366
P08,cnn,P10,60,0.4831649831649832,0.4983164983164983,-0.015151515151515138,0.4782608695652174,0.5217391304347826,-0.04347826086956519
P08,cnn,PO8,61,0.4831649831649832,0.48737373737373735,-0.004208754208754162,0.4782608695652174,0.4927536231884058,-0.014492753623188415
P08,cnn,PO4,62,0.4831649831649832,0.484006734006734,-0.0008417508417508102,0.4782608695652174,0.5217391304347826,-0.04347826086956519
P08,cnn,O2,63,0.4831649831649832,0.4856902356902357,-0.0025252525252525415,0.4782608695652174,0.4927536231884058,-0.014492753623188415
P10,cnn,Fp1,0,0.605,0.603125,0.00187499999999996,0.4875,0.4625,0.024999999999999967
P10,cnn,AF7,1,0.605,0.6074999999999999,-0.0024999999999999467,0.4875,0.5,-0.012500000000000011
P10,cnn,AF3,2,0.605,0.606875,-0.001875000000000071,0.4875,0.525,-0.03750000000000003
P10,cnn,F1,3,0.605,0.61875,-0.01375000000000004,0.4875,0.5375,-0.04999999999999999
P10,cnn,F3,4,0.605,0.614375,-0.009375000000000022,0.4875,0.5125,-0.024999999999999967
P10,cnn,F5,5,0.605,0.604375,0.0006249999999999867,0.4875,0.525,-0.03750000000000003
P10,cnn,F7,6,0.605,0.605,0.0,0.4875,0.5375,-0.04999999999999999
P10,cnn,FT7,7,0.605,0.59875,0.006249999999999978,0.4875,0.5125,-0.024999999999999967
P10,cnn,FC5,8,0.605,0.6112500000000001,-0.006250000000000089,0.4875,0.5375,-0.04999999999999999
P10,cnn,FC3,9,0.605,0.61,-0.0050000000000000044,0.4875,0.5125,-0.024999999999999967
P10,cnn,FC1,10,0.605,0.6024999999999999,0.0025000000000000577,0.4875,0.5125,-0.024999999999999967
P10,cnn,C1,11,0.605,0.613125,-0.008125000000000049,0.4875,0.55,-0.06250000000000006
P10,cnn,C3,12,0.605,0.608125,-0.0031250000000000444,0.4875,0.5375,-0.04999999999999999
P10,cnn,C5,13,0.605,0.6025,0.0024999999999999467,0.4875,0.5375,-0.04999999999999999
P10,cnn,T7,14,0.605,0.58125,0.023749999999999938,0.4875,0.4875,0.0
P10,cnn,TP7,15,0.605,0.5912499999999999,0.01375000000000004,0.4875,0.5,-0.012500000000000011
P10,cnn,CP5,16,0.605,0.60125,0.003750000000000031,0.4875,0.5125,-0.024999999999999967
P10,cnn,CP3,17,0.605,0.61875,-0.01375000000000004,0.4875,0.4875,0.0
P10,cnn,CP1,18,0.605,0.5918749999999999,0.013125000000000053,0.4875,0.4875,0.0
P10,cnn,P1,19,0.605,0.6000000000000001,0.004999999999999893,0.4875,0.4875,0.0
P10,cnn,P3,20,0.605,0.599375,0.005624999999999991,0.4875,0.5,-0.012500000000000011
P10,cnn,P5,21,0.605,0.6003124999999999,0.004687500000000067,0.4875,0.55,-0.06250000000000006
P10,cnn,P7,22,0.605,0.59875,0.006249999999999978,0.4875,0.5125,-0.024999999999999967
P10,cnn,P9,23,0.605,0.6125,-0.007500000000000062,0.4875,0.5375,-0.04999999999999999
P10,cnn,PO7,24,0.605,0.599375,0.005624999999999991,0.4875,0.5,-0.012500000000000011
P10,cnn,PO3,25,0.605,0.5825,0.022499999999999964,0.4875,0.475,0.012500000000000011
P10,cnn,O1,26,0.605,0.604375,0.0006249999999999867,0.4875,0.5125,-0.024999999999999967
P10,cnn,Iz,27,0.605,0.59875,0.006249999999999978,0.4875,0.5125,-0.024999999999999967
P10,cnn,Oz,28,0.605,0.5987500000000001,0.006249999999999867,0.4875,0.525,-0.03750000000000003
P10,cnn,POz,29,0.605,0.605625,-0.0006249999999999867,0.4875,0.5375,-0.04999999999999999
P10,cnn,Pz,30,0.605,0.591875,0.013124999999999942,0.4875,0.525,-0.03750000000000003
P10,cnn,CPz,31,0.605,0.615,-0.010000000000000009,0.4875,0.525,-0.03750000000000003
P10,cnn,Fpz,32,0.605,0.616875,-0.011874999999999969,0.4875,0.5125,-0.024999999999999967
P10,cnn,Fp2,33,0.605,0.578125,0.026874999999999982,0.4875,0.475,0.012500000000000011
P10,cnn,AF8,34,0.605,0.60125,0.003750000000000031,0.4875,0.5125,-0.024999999999999967
P10,cnn,AF4,35,0.605,0.594375,0.010624999999999996,0.4875,0.5,-0.012500000000000011
P10,cnn,AFz,36,0.605,0.5874999999999999,0.01750000000000007,0.4875,0.5,-0.012500000000000011
P10,cnn,Fz,37,0.605,0.5975,0.007499999999999951,0.4875,0.5,-0.012500000000000011
P10,cnn,F2,38,0.605,0.61125,-0.006249999999999978,0.4875,0.5625,-0.07500000000000001
P10,cnn,F4,39,0.605,0.5975,0.007499999999999951,0.4875,0.5375,-0.04999999999999999
P10,cnn,F6,40,0.605,0.598125,0.0068749999999999645,0.4875,0.5125,-0.024999999999999967
P10,cnn,F8,41,0.605,0.599375,0.005624999999999991,0.4875,0.5125,-0.024999999999999967
P10,cnn,FT8,42,0.605,0.614375,-0.009375000000000022,0.4875,0.4875,0.0
P10,cnn,FC6,43,0.605,0.59125,0.013749999999999929,0.4875,0.4875,0.0
P10,cnn,FC4,44,0.605,0.5925,0.012499999999999956,0.4875,0.4875,0.0
P10,cnn,FC2,45,0.605,0.604375,0.0006249999999999867,0.4875,0.525,-0.03750000000000003
P10,cnn,FCz,46,0.605,0.596875,0.008124999999999938,0.4875,0.4875,0.0
P10,cnn,Cz,47,0.605,0.60125,0.003750000000000031,0.4875,0.4875,0.0
P10,cnn,C2,48,0.605,0.5975,0.007499999999999951,0.4875,0.5125,-0.024999999999999967
P10,cnn,C4,49,0.605,0.588125,0.016874999999999973,0.4875,0.525,-0.03750000000000003
P10,cnn,C6,50,0.605,0.614375,-0.009375000000000022,0.4875,0.5125,-0.024999999999999967
P10,cnn,T8,51,0.605,0.57,0.03500000000000003,0.4875,0.5,-0.012500000000000011
P10,cnn,TP8,52,0.605,0.596875,0.008124999999999938,0.4875,0.5375,-0.04999999999999999
P10,cnn,CP6,53,0.605,0.589375,0.015625,0.4875,0.5125,-0.024999999999999967
P10,cnn,CP4,54,0.605,0.61875,-0.01375000000000004,0.4875,0.525,-0.03750000000000003
P10,cnn,CP2,55,0.605,0.59375,0.011249999999999982,0.4875,0.475,0.012500000000000011
P10,cnn,P2,56,0.605,0.6118750000000001,-0.0068750000000000755,0.4875,0.5375,-0.04999999999999999
P10,cnn,P4,57,0.605,0.59,0.015000000000000013,0.4875,0.5,-0.012500000000000011
P10,cnn,P6,58,0.605,0.613125,-0.008125000000000049,0.4875,0.525,-0.03750000000000003
P10,cnn,P8,59,0.605,0.600625,0.004375000000000018,0.4875,0.525,-0.03750000000000003
P10,cnn,P10,60,0.605,0.593125,0.011874999999999969,0.4875,0.5125,-0.024999999999999967
P10,cnn,PO8,61,0.605,0.609375,-0.004375000000000018,0.4875,0.5,-0.012500000000000011
P10,cnn,PO4,62,0.605,0.605,0.0,0.4875,0.5125,-0.024999999999999967
P10,cnn,O2,63,0.605,0.595,0.010000000000000009,0.4875,0.5125,-0.024999999999999967
P11,cnn,Fp1,0,0.586875,0.57875,0.008125000000000049,0.5375,0.5625,-0.025000000000000022
P11,cnn,AF7,1,0.586875,0.5800000000000001,0.0068749999999999645,0.5375,0.575,-0.03749999999999998
P11,cnn,AF3,2,0.586875,0.5962500000000001,-0.009375000000000022,0.5375,0.5375,0.0
P11,cnn,F1,3,0.586875,0.574375,0.012500000000000067,0.5375,0.55,-0.012500000000000067
P11,cnn,F3,4,0.586875,0.5850000000000001,0.00187499999999996,0.5375,0.55,-0.012500000000000067
P11,cnn,F5,5,0.586875,0.575625,0.011249999999999982,0.5375,0.55,-0.012500000000000067
P11,cnn,F7,6,0.586875,0.5762499999999999,0.010625000000000107,0.5375,0.55,-0.012500000000000067
P11,cnn,FT7,7,0.586875,0.579375,0.007500000000000062,0.5375,0.575,-0.03749999999999998
P11,cnn,FC5,8,0.586875,0.588125,-0.0012499999999999734,0.5375,0.5375,0.0
P11,cnn,FC3,9,0.586875,0.568125,0.018750000000000044,0.5375,0.5875,-0.050000000000000044
P11,cnn,FC1,10,0.586875,0.561875,0.025000000000000022,0.5375,0.5,0.03749999999999998
P11,cnn,C1,11,0.586875,0.569375,0.01750000000000007,0.5375,0.5375,0.0
P11,cnn,C3,12,0.586875,0.6056250000000001,-0.018750000000000044,0.5375,0.575,-0.03749999999999998
P11,cnn,C5,13,0.586875,0.579375,0.007500000000000062,0.5375,0.5625,-0.025000000000000022
P11,cnn,T7,14,0.586875,0.57875,0.008125000000000049,0.5375,0.55,-0.012500000000000067
P11,cnn,TP7,15,0.586875,0.58375,0.0031250000000000444,0.5375,0.5625,-0.025000000000000022
P11,cnn,CP5,16,0.586875,0.58625,0.0006249999999999867,0.5375,0.575,-0.03749999999999998
P11,cnn,CP3,17,0.586875,0.583125,0.003750000000000031,0.5375,0.5375,0.0
P11,cnn,CP1,18,0.586875,0.5850000000000001,0.00187499999999996,0.5375,0.5625,-0.025000000000000022
P11,cnn,P1,19,0.586875,0.59375,-0.0068749999999999645,0.5375,0.5625,-0.025000000000000022
P11,cnn,P3,20,0.586875,0.569375,0.01750000000000007,0.5375,0.5,0.03749999999999998
P11,cnn,P5,21,0.586875,0.565625,0.02124999999999999,0.5375,0.5375,0.0
P11,cnn,P7,22,0.586875,0.5812499999999999,0.005625000000000102,0.5375,0.575,-0.03749999999999998
P11,cnn,P9,23,0.586875,0.565,0.02187500000000009,0.5375,0.5625,-0.025000000000000022
P11,cnn,PO7,24,0.586875,0.58625,0.0006249999999999867,0.5375,0.5375,0.0
P11,cnn,PO3,25,0.586875,0.589375,-0.0024999999999999467,0.5375,0.5375,0.0
P11,cnn,O1,26,0.586875,0.5850000000000001,0.00187499999999996,0.5375,0.5625,-0.025000000000000022
P11,cnn,Iz,27,0.586875,0.58625,0.0006249999999999867,0.5375,0.5875,-0.050000000000000044
P11,cnn,Oz,28,0.586875,0.59375,-0.0068749999999999645,0.5375,0.575,-0.03749999999999998
P11,cnn,POz,29,0.586875,0.5900000000000001,-0.0031250000000000444,0.5375,0.5625,-0.025000000000000022
P11,cnn,Pz,30,0.586875,0.57875,0.008125000000000049,0.5375,0.55,-0.012500000000000067
P11,cnn,CPz,31,0.586875,0.5906250000000001,-0.003750000000000031,0.5375,0.5625,-0.025000000000000022
P11,cnn,Fpz,32,0.586875,0.604375,-0.01749999999999996,0.5375,0.55,-0.012500000000000067
P11,cnn,Fp2,33,0.586875,0.60875,-0.021874999999999978,0.5375,0.575,-0.03749999999999998
P11,cnn,AF8,34,0.586875,0.5906250000000001,-0.003750000000000031,0.5375,0.55,-0.012500000000000067
P11,cnn,AF4,35,0.586875,0.599375,-0.012499999999999956,0.5375,0.55,-0.012500000000000067
P11,cnn,AFz,36,0.586875,0.5750000000000001,0.011874999999999969,0.5375,0.55,-0.012500000000000067
P11,cnn,Fz,37,0.586875,0.60375,-0.016874999999999973,0.5375,0.55,-0.012500000000000067
P11,cnn,F2,38,0.586875,0.590625,-0.00374999999999992,0.5375,0.525,0.012499999999999956
P11,cnn,F4,39,0.586875,0.608125,-0.02124999999999999,0.5375,0.575,-0.03749999999999998
P11,cnn,F6,40,0.586875,0.5987499999999999,-0.011874999999999858,0.5375,0.575,-0.03749999999999998
P11,cnn,F8,41,0.586875,0.5850000000000001,0.00187499999999996,0.5375,0.5125,0.025000000000000022
P11,cnn,FT8,42,0.586875,0.56875,0.018125000000000058,0.5375,0.525,0.012499999999999956
P11,cnn,FC6,43,0.586875,0.585,0.001875000000000071,0.5375,0.5625,-0.025000000000000022
P11,cnn,FC4,44,0.586875,0.573125,0.01375000000000004,0.5375,0.5375,0.0
P11,cnn,FC2,45,0.586875,0.585,0.001875000000000071,0.5375,0.55,-0.012500000000000067
P11,cnn,FCz,46,0.586875,0.5806250000000001,0.006249999999999978,0.5375,0.55,-0.012500000000000067
P11,cnn,Cz,47,0.586875,0.5825,0.004375000000000018,0.5375,0.5375,0.0
P11,cnn,C2,48,0.586875,0.57875,0.008125000000000049,0.5375,0.55,-0.012500000000000067
P11,cnn,C4,49,0.586875,0.5900000000000001,-0.0031250000000000444,0.5375,0.55,-0.012500000000000067
P11,cnn,C6,50,0.586875,0.5775,0.009375000000000022,0.5375,0.525,0.012499999999999956
P11,cnn,T8,51,0.586875,0.580625,0.006250000000000089,0.5375,0.55,-0.012500000000000067
P11,cnn,TP8,52,0.586875,0.581875,0.0050000000000000044,0.5375,0.5375,0.0
P11,cnn,CP6,53,0.586875,0.5843750000000001,0.0024999999999999467,0.5375,0.5625,-0.025000000000000022
P11,cnn,CP4,54,0.586875,0.59125,-0.004375000000000018,0.5375,0.55,-0.012500000000000067
P11,cnn,CP2,55,0.586875,0.579375,0.007500000000000062,0.5375,0.525,0.012499999999999956
P11,cnn,P2,56,0.586875,0.5806250000000001,0.006249999999999978,0.5375,0.5375,0.0
P11,cnn,P4,57,0.586875,0.58375,0.0031250000000000444,0.5375,0.575,-0.03749999999999998
P11,cnn,P6,58,0.586875,0.58625,0.0006249999999999867,0.5375,0.5625,-0.025000000000000022
P11,cnn,P8,59,0.586875,0.584375,0.0025000000000000577,0.5375,0.55,-0.012500000000000067
P11,cnn,P10,60,0.586875,0.5806250000000001,0.006249999999999978,0.5375,0.5375,0.0
P11,cnn,PO8,61,0.586875,0.5756249999999999,0.011250000000000093,0.5375,0.575,-0.03749999999999998
P11,cnn,PO4,62,0.586875,0.586875,0.0,0.5375,0.575,-0.03749999999999998
P11,cnn,O2,63,0.586875,0.581875,0.0050000000000000044,0.5375,0.5375,0.0
P12,cnn,Fp1,0,0.6275,0.6375,-0.010000000000000009,0.5875,0.575,0.012500000000000067
P12,cnn,AF7,1,0.6275,0.6387499999999999,-0.011249999999999982,0.5875,0.6125,-0.025000000000000022
P12,cnn,AF3,2,0.6275,0.6231249999999999,0.004375000000000018,0.5875,0.6,-0.012499999999999956
P12,cnn,F1,3,0.6275,0.6468750000000001,-0.019375000000000142,0.5875,0.5875,0.0
P12,cnn,F3,4,0.6275,0.643125,-0.015625,0.5875,0.625,-0.03749999999999998
P12,cnn,F5,5,0.6275,0.6237499999999999,0.003750000000000031,0.5875,0.6,-0.012499999999999956
P12,cnn,F7,6,0.6275,0.641875,-0.014375000000000027,0.5875,0.6,-0.012499999999999956
P12,cnn,FT7,7,0.6275,0.6425,-0.015000000000000013,0.5875,0.5875,0.0
P12,cnn,FC5,8,0.6275,0.63375,-0.006250000000000089,0.5875,0.575,0.012500000000000067
P12,cnn,FC3,9,0.6275,0.634375,-0.0068750000000000755,0.5875,0.6,-0.012499999999999956
P12,cnn,FC1,10,0.6275,0.6487499999999999,-0.02124999999999999,0.5875,0.6125,-0.025000000000000022
P12,cnn,C1,11,0.6275,0.630625,-0.0031250000000000444,0.5875,0.5875,0.0
P12,cnn,C3,12,0.6275,0.6256249999999999,0.001875000000000071,0.5875,0.5875,0.0
P12,cnn,C5,13,0.6275,0.6299999999999999,-0.0024999999999999467,0.5875,0.6,-0.012499999999999956
P12,cnn,T7,14,0.6275,0.64125,-0.01375000000000004,0.5875,0.575,0.012500000000000067
P12,cnn,TP7,15,0.6275,0.62125,0.006249999999999978,0.5875,0.5625,0.025000000000000022
P12,cnn,CP5,16,0.6275,0.636875,-0.009375000000000022,0.5875,0.6125,-0.025000000000000022
P12,cnn,CP3,17,0.6275,0.635625,-0.008125000000000049,0.5875,0.575,0.012500000000000067
P12,cnn,CP1,18,0.6275,0.623125,0.004374999999999907,0.5875,0.5875,0.0
P12,cnn,P1,19,0.6275,0.629375,-0.001875000000000071,0.5875,0.6,-0.012499999999999956
P12,cnn,P3,20,0.6275,0.6375000000000001,-0.01000000000000012,0.5875,0.5875,0.0
P12,cnn,P5,21,0.6275,0.628125,-0.0006250000000000977,0.5875,0.6,-0.012499999999999956
P12,cnn,P7,22,0.6275,0.62375,0.00374999999999992,0.5875,0.6,-0.012499999999999956
P12,cnn,P9,23,0.6275,0.62375,0.00374999999999992,0.5875,0.5875,0.0
P12,cnn,PO7,24,0.6275,0.605625,0.021874999999999978,0.5875,0.5625,0.025000000000000022
P12,cnn,PO3,25,0.6275,0.631875,-0.004375000000000018,0.5875,0.5625,0.025000000000000022
P12,cnn,O1,26,0.6275,0.6425000000000001,-0.015000000000000124,0.5875,0.5625,0.025000000000000022
P12,cnn,Iz,27,0.6275,0.628125,-0.0006250000000000977,0.5875,0.5875,0.0
P12,cnn,Oz,28,0.6275,0.621875,0.005624999999999991,0.5875,0.5625,0.025000000000000022
P12,cnn,POz,29,0.6275,0.649375,-0.02187500000000009,0.5875,0.5875,0.0
P12,cnn,Pz,30,0.6275,0.645625,-0.018125000000000058,0.5875,0.575,0.012500000000000067
P12,cnn,CPz,31,0.6275,0.6243749999999999,0.0031250000000000444,0.5875,0.575,0.012500000000000067
P12,cnn,Fpz,32,0.6275,0.625,0.0024999999999999467,0.5875,0.575,0.012500000000000067
P12,cnn,Fp2,33,0.6275,0.635,-0.007500000000000062,0.5875,0.6,-0.012499999999999956
P12,cnn,AF8,34,0.6275,0.6325,-0.0050000000000000044,0.5875,0.5625,0.025000000000000022
P12,cnn,AF4,35,0.6275,0.62375,0.00374999999999992,0.5875,0.6,-0.012499999999999956
P12,cnn,AFz,36,0.6275,0.636875,-0.009375000000000022,0.5875,0.5875,0.0
P12,cnn,Fz,37,0.6275,0.649375,-0.02187500000000009,0.5875,0.6,-0.012499999999999956
P12,cnn,F2,38,0.6275,0.63,-0.0025000000000000577,0.5875,0.6125,-0.025000000000000022
P12,cnn,F4,39,0.6275,0.634375,-0.0068750000000000755,0.5875,0.575,0.012500000000000067
P12,cnn,F6,40,0.6275,0.618125,0.009374999999999911,0.5875,0.5875,0.0
P12,cnn,F8,41,0.6275,0.6231249999999999,0.004375000000000018,0.5875,0.5875,0.0
P12,cnn,FT8,42,0.6275,0.6375,-0.010000000000000009,0.5875,0.5625,0.025000000000000022
P12,cnn,FC6,43,0.6275,0.62375,0.00374999999999992,0.5875,0.5875,0.0
P12,cnn,FC4,44,0.6275,0.6443749999999999,-0.016874999999999973,0.5875,0.6,-0.012499999999999956
P12,cnn,FC2,45,0.6275,0.605,0.022499999999999964,0.5875,0.575,0.012500000000000067
P12,cnn,FCz,46,0.6275,0.6299999999999999,-0.0024999999999999467,0.5875,0.575,0.012500000000000067
P12,cnn,Cz,47,0.6275,0.6206250000000001,0.0068749999999998535,0.5875,0.6,-0.012499999999999956
P12,cnn,C2,48,0.6275,0.6325,-0.0050000000000000044,0.5875,0.5875,0.0
P12,cnn,C4,49,0.6275,0.6412499999999999,-0.013749999999999929,0.5875,0.5875,0.0
P12,cnn,C6,50,0.6275,0.635,-0.007500000000000062,0.5875,0.6,-0.012499999999999956
P12,cnn,T8,51,0.6275,0.64125,-0.01375000000000004,0.5875,0.575,0.012500000000000067
P12,cnn,TP8,52,0.6275,0.62,0.007499999999999951,0.5875,0.5625,0.025000000000000022
P12,cnn,CP6,53,0.6275,0.629375,-0.001875000000000071,0.5875,0.5875,0.0
P12,cnn,CP4,54,0.6275,0.6331249999999999,-0.005624999999999991,0.5875,0.5875,0.0
P12,cnn,CP2,55,0.6275,0.61375,0.013749999999999929,0.5875,0.5625,0.025000000000000022
P12,cnn,P2,56,0.6275,0.5975,0.029999999999999916,0.5875,0.5875,0.0
P12,cnn,P4,57,0.6275,0.615,0.012499999999999956,0.5875,0.6,-0.012499999999999956
P12,cnn,P6,58,0.6275,0.62,0.007499999999999951,0.5875,0.575,0.012500000000000067
P12,cnn,P8,59,0.6275,0.635,-0.007500000000000062,0.5875,0.575,0.012500000000000067
P12,cnn,P10,60,0.6275,0.62,0.007499999999999951,0.5875,0.575,0.012500000000000067
P12,cnn,PO8,61,0.6275,0.61625,0.011249999999999982,0.5875,0.5875,0.0
P12,cnn,PO4,62,0.6275,0.625,0.0024999999999999467,0.5875,0.5875,0.0
P12,cnn,O2,63,0.6275,0.620625,0.0068749999999999645,0.5875,0.6,-0.012499999999999956
P13,cnn,Fp1,0,0.54375,0.5365625,0.007187499999999902,0.5375,0.5,0.03749999999999998
P13,cnn,AF7,1,0.54375,0.541875,0.00187499999999996,0.5375,0.5375,0.0
P13,cnn,AF3,2,0.54375,0.5331250000000001,0.010624999999999885,0.5375,0.55,-0.012500000000000067
P13,cnn,F1,3,0.54375,0.53125,0.012499999999999956,0.5375,0.5375,0.0
P13,cnn,F3,4,0.54375,0.519375,0.024374999999999925,0.5375,0.5125,0.025000000000000022
P13,cnn,F5,5,0.54375,0.515,0.028749999999999942,0.5375,0.55,-0.012500000000000067
P13,cnn,F7,6,0.54375,0.5187499999999999,0.025000000000000022,0.5375,0.5125,0.025000000000000022
P13,cnn,FT7,7,0.54375,0.5631250000000001,-0.019375000000000142,0.5375,0.6,-0.0625
P13,cnn,FC5,8,0.54375,0.550625,-0.0068750000000000755,0.5375,0.5375,0.0
P13,cnn,FC3,9,0.54375,0.530625,0.013124999999999942,0.5375,0.5375,0.0
P13,cnn,FC1,10,0.54375,0.5425,0.0012499999999999734,0.5375,0.55,-0.012500000000000067
P13,cnn,C1,11,0.54375,0.535625,0.008124999999999938,0.5375,0.525,0.012499999999999956
P13,cnn,C3,12,0.54375,0.540625,0.0031249999999999334,0.5375,0.55,-0.012500000000000067
P13,cnn,C5,13,0.54375,0.55,-0.006250000000000089,0.5375,0.5375,0.0
P13,cnn,T7,14,0.54375,0.556875,-0.013125000000000053,0.5375,0.5625,-0.025000000000000022
P13,cnn,TP7,15,0.54375,0.574375,-0.030625000000000013,0.5375,0.5625,-0.025000000000000022
P13,cnn,CP5,16,0.54375,0.535,0.008749999999999925,0.5375,0.55,-0.012500000000000067
P13,cnn,CP3,17,0.54375,0.541875,0.00187499999999996,0.5375,0.5375,0.0
P13,cnn,CP1,18,0.54375,0.5381250000000001,0.00562499999999988,0.5375,0.5125,0.025000000000000022
P13,cnn,P1,19,0.54375,0.540625,0.0031249999999999334,0.5375,0.55,-0.012500000000000067
P13,cnn,P3,20,0.54375,0.529375,0.014374999999999916,0.5375,0.5375,0.0
P13,cnn,P5,21,0.54375,0.5425,0.0012499999999999734,0.5375,0.55,-0.012500000000000067
P13,cnn,P7,22,0.54375,0.535,0.008749999999999925,0.5375,0.55,-0.012500000000000067
P13,cnn,P9,23,0.54375,0.55125,-0.007500000000000062,0.5375,0.5625,-0.025000000000000022
P13,cnn,PO7,24,0.54375,0.525,0.018749999999999933,0.5375,0.5625,-0.025000000000000022
P13,cnn,PO3,25,0.54375,0.54625,-0.0025000000000000577,0.5375,0.5375,0.0
P13,cnn,O1,26,0.54375,0.50875,0.03499999999999992,0.5375,0.5,0.03749999999999998
P13,cnn,Iz,27,0.54375,0.54125,0.0024999999999999467,0.5375,0.55,-0.012500000000000067
P13,cnn,Oz,28,0.54375,0.536875,0.0068749999999999645,0.5375,0.5125,0.025000000000000022
P13,cnn,POz,29,0.54375,0.5525,-0.008750000000000036,0.5375,0.55,-0.012500000000000067
P13,cnn,Pz,30,0.54375,0.5431250000000001,0.0006249999999998757,0.5375,0.575,-0.03749999999999998
P13,cnn,CPz,31,0.54375,0.541875,0.00187499999999996,0.5375,0.55,-0.012500000000000067
P13,cnn,Fpz,32,0.54375,0.528125,0.015625,0.5375,0.55,-0.012500000000000067
P13,cnn,Fp2,33,0.54375,0.534375,0.009374999999999911,0.5375,0.5375,0.0
P13,cnn,AF8,34,0.54375,0.5387500000000001,0.004999999999999893,0.5375,0.55,-0.012500000000000067
P13,cnn,AF4,35,0.54375,0.54875,-0.0050000000000000044,0.5375,0.55,-0.012500000000000067
P13,cnn,AFz,36,0.54375,0.54,0.00374999999999992,0.5375,0.525,0.012499999999999956
P13,cnn,Fz,37,0.54375,0.549375,-0.005624999999999991,0.5375,0.5625,-0.025000000000000022
P13,cnn,F2,38,0.54375,0.51875,0.02499999999999991,0.5375,0.5125,0.025000000000000022
P13,cnn,F4,39,0.54375,0.5650000000000001,-0.021250000000000102,0.5375,0.6,-0.0625
P13,cnn,F6,40,0.54375,0.558125,-0.014375000000000027,0.5375,0.5625,-0.025000000000000022
P13,cnn,F8,41,0.54375,0.520625,0.02312499999999995,0.5375,0.525,0.012499999999999956
P13,cnn,FT8,42,0.54375,0.545625,-0.001875000000000071,0.5375,0.5625,-0.025000000000000022
P13,cnn,FC6,43,0.54375,0.5543750000000001,-0.010625000000000107,0.5375,0.5625,-0.025000000000000022
P13,cnn,FC4,44,0.54375,0.535,0.008749999999999925,0.5375,0.5375,0.0
P13,cnn,FC2,45,0.54375,0.540625,0.0031249999999999334,0.5375,0.5375,0.0
P13,cnn,FCz,46,0.54375,0.560625,-0.016875000000000084,0.5375,0.55,-0.012500000000000067
P13,cnn,Cz,47,0.54375,0.540625,0.0031249999999999334,0.5375,0.525,0.012499999999999956
P13,cnn,C2,48,0.54375,0.53125,0.012499999999999956,0.5375,0.5375,0.0
P13,cnn,C4,49,0.54375,0.540625,0.0031249999999999334,0.5375,0.5375,0.0
P13,cnn,C6,50,0.54375,0.53625,0.007499999999999951,0.5375,0.5375,0.0
P13,cnn,T8,51,0.54375,0.546875,-0.0031250000000000444,0.5375,0.525,0.012499999999999956
P13,cnn,TP8,52,0.54375,0.526875,0.016874999999999973,0.5375,0.525,0.012499999999999956
P13,cnn,CP6,53,0.54375,0.5518750000000001,-0.00812500000000016,0.5375,0.5875,-0.050000000000000044
P13,cnn,CP4,54,0.54375,0.543125,0.0006249999999999867,0.5375,0.55,-0.012500000000000067
P13,cnn,CP2,55,0.54375,0.531875,0.011874999999999969,0.5375,0.5125,0.025000000000000022
P13,cnn,P2,56,0.54375,0.551875,-0.008125000000000049,0.5375,0.525,0.012499999999999956
P13,cnn,P4,57,0.54375,0.535,0.008749999999999925,0.5375,0.55,-0.012500000000000067
P13,cnn,P6,58,0.54375,0.539375,0.004374999999999907,0.5375,0.5125,0.025000000000000022
P13,cnn,P8,59,0.54375,0.546875,-0.0031250000000000444,0.5375,0.5375,0.0
P13,cnn,P10,60,0.54375,0.5443749999999999,-0.0006249999999999867,0.5375,0.55,-0.012500000000000067
P13,cnn,PO8,61,0.54375,0.5518750000000001,-0.00812500000000016,0.5375,0.5375,0.0
P13,cnn,PO4,62,0.54375,0.55875,-0.015000000000000013,0.5375,0.5625,-0.025000000000000022
P13,cnn,O2,63,0.54375,0.5225,0.02124999999999999,0.5375,0.5125,0.025000000000000022
P14,cnn,Fp1,0,0.56375,0.569375,-0.005624999999999991,0.575,0.6125,-0.03750000000000009
P14,cnn,AF7,1,0.56375,0.5631250000000001,0.0006249999999998757,0.575,0.55,0.02499999999999991
P14,cnn,AF3,2,0.56375,0.560625,0.0031249999999999334,0.575,0.5375,0.03749999999999998
P14,cnn,F1,3,0.56375,0.546875,0.016874999999999973,0.575,0.55,0.02499999999999991
P14,cnn,F3,4,0.56375,0.565,-0.0012499999999999734,0.575,0.5625,0.012499999999999956
P14,cnn,F5,5,0.56375,0.561875,0.00187499999999996,0.575,0.575,0.0
P14,cnn,F7,6,0.56375,0.565625,-0.001875000000000071,0.575,0.575,0.0
P14,cnn,FT7,7,0.56375,0.55125,0.012499999999999956,0.575,0.575,0.0
P14,cnn,FC5,8,0.56375,0.561875,0.00187499999999996,0.575,0.5625,0.012499999999999956
P14,cnn,FC3,9,0.56375,0.57375,-0.010000000000000009,0.575,0.6,-0.025000000000000022
P14,cnn,FC1,10,0.56375,0.5568749999999999,0.0068750000000000755,0.575,0.55,0.02499999999999991
P14,cnn,C1,11,0.56375,0.548125,0.015625,0.575,0.55,0.02499999999999991
P14,cnn,C3,12,0.56375,0.56,0.00374999999999992,0.575,0.6,-0.025000000000000022
P14,cnn,C5,13,0.56375,0.560625,0.0031249999999999334,0.575,0.575,0.0
P14,cnn,T7,14,0.56375,0.5375,0.026249999999999996,0.575,0.55,0.02499999999999991
P14,cnn,TP7,15,0.56375,0.565,-0.0012499999999999734,0.575,0.575,0.0
P14,cnn,CP5,16,0.56375,0.554375,0.009375000000000022,0.575,0.5625,0.012499999999999956
P14,cnn,CP3,17,0.56375,0.56125,0.0024999999999999467,0.575,0.6125,-0.03750000000000009
P14,cnn,CP1,18,0.56375,0.5687500000000001,-0.0050000000000001155,0.575,0.5375,0.03749999999999998
P14,cnn,P1,19,0.56375,0.5725,-0.008750000000000036,0.575,0.6375,-0.0625
P14,cnn,P3,20,0.56375,0.5681250000000001,-0.004375000000000129,0.575,0.55,0.02499999999999991
P14,cnn,P5,21,0.56375,0.5625,0.0012499999999999734,0.575,0.55,0.02499999999999991
P14,cnn,P7,22,0.56375,0.5643750000000001,-0.0006250000000000977,0.575,0.5625,0.012499999999999956
P14,cnn,P9,23,0.56375,0.5625,0.0012499999999999734,0.575,0.5875,-0.012500000000000067
P14,cnn,PO7,24,0.56375,0.56,0.00374999999999992,0.575,0.55,0.02499999999999991
P14,cnn,PO3,25,0.56375,0.5693750000000001,-0.005625000000000102,0.575,0.5625,0.012499999999999956
P14,cnn,O1,26,0.56375,0.5675,-0.003750000000000031,0.575,0.575,0.0
P14,cnn,Iz,27,0.56375,0.5668750000000001,-0.0031250000000001554,0.575,0.575,0.0
P14,cnn,Oz,28,0.56375,0.556875,0.0068749999999999645,0.575,0.5625,0.012499999999999956
P14,cnn,POz,29,0.56375,0.565625,-0.001875000000000071,0.575,0.55,0.02499999999999991
P14,cnn,Pz,30,0.56375,0.5506249999999999,0.013125000000000053,0.575,0.55,0.02499999999999991
P14,cnn,CPz,31,0.56375,0.559375,0.004375000000000018,0.575,0.575,0.0
P14,cnn,Fpz,32,0.56375,0.5781250000000001,-0.014375000000000138,0.575,0.5375,0.03749999999999998
P14,cnn,Fp2,33,0.56375,0.57125,-0.007500000000000062,0.575,0.5625,0.012499999999999956
P14,cnn,AF8,34,0.56375,0.5325,0.03125,0.575,0.55,0.02499999999999991
P14,cnn,AF4,35,0.56375,0.5875,-0.02375000000000005,0.575,0.55,0.02499999999999991
P14,cnn,AFz,36,0.56375,0.563125,0.0006249999999999867,0.575,0.575,0.0
P14,cnn,Fz,37,0.56375,0.5631250000000001,0.0006249999999998757,0.575,0.5375,0.03749999999999998
P14,cnn,F2,38,0.56375,0.570625,-0.0068750000000000755,0.575,0.5875,-0.012500000000000067
P14,cnn,F4,39,0.56375,0.55125,0.012499999999999956,0.575,0.5625,0.012499999999999956
P14,cnn,F6,40,0.56375,0.5631250000000001,0.0006249999999998757,0.575,0.5875,-0.012500000000000067
P14,cnn,F8,41,0.56375,0.556875,0.0068749999999999645,0.575,0.55,0.02499999999999991
P14,cnn,FT8,42,0.56375,0.565625,-0.001875000000000071,0.575,0.575,0.0
P14,cnn,FC6,43,0.56375,0.56,0.00374999999999992,0.575,0.5625,0.012499999999999956
P14,cnn,FC4,44,0.56375,0.5725,-0.008750000000000036,0.575,0.575,0.0
P14,cnn,FC2,45,0.56375,0.546875,0.016874999999999973,0.575,0.5625,0.012499999999999956
P14,cnn,FCz,46,0.56375,0.556875,0.0068749999999999645,0.575,0.5375,0.03749999999999998
P14,cnn,Cz,47,0.56375,0.53375,0.030000000000000027,0.575,0.55,0.02499999999999991
P14,cnn,C2,48,0.56375,0.55625,0.007499999999999951,0.575,0.55,0.02499999999999991
P14,cnn,C4,49,0.56375,0.5750000000000001,-0.011250000000000093,0.575,0.5625,0.012499999999999956
P14,cnn,C6,50,0.56375,0.5643750000000001,-0.0006250000000000977,0.575,0.575,0.0
P14,cnn,T8,51,0.56375,0.5643750000000001,-0.0006250000000000977,0.575,0.5625,0.012499999999999956
P14,cnn,TP8,52,0.56375,0.568125,-0.004375000000000018,0.575,0.5625,0.012499999999999956
P14,cnn,CP6,53,0.56375,0.5625,0.0012499999999999734,0.575,0.5875,-0.012500000000000067
P14,cnn,CP4,54,0.56375,0.5625,0.0012499999999999734,0.575,0.5875,-0.012500000000000067
P14,cnn,CP2,55,0.56375,0.56375,0.0,0.575,0.5625,0.012499999999999956
P14,cnn,P2,56,0.56375,0.56125,0.0024999999999999467,0.575,0.5375,0.03749999999999998
P14,cnn,P4,57,0.56375,0.5675,-0.003750000000000031,0.575,0.5875,-0.012500000000000067
P14,cnn,P6,58,0.56375,0.553125,0.010624999999999996,0.575,0.575,0.0
P14,cnn,P8,59,0.56375,0.5593750000000001,0.004374999999999907,0.575,0.6125,-0.03750000000000009
P14,cnn,P10,60,0.56375,0.56,0.00374999999999992,0.575,0.575,0.0
P14,cnn,PO8,61,0.56375,0.5724999999999999,-0.008749999999999925,0.575,0.5875,-0.012500000000000067
P14,cnn,PO4,62,0.56375,0.558125,0.005624999999999991,0.575,0.5625,0.012499999999999956
P14,cnn,O2,63,0.56375,0.56,0.00374999999999992,0.575,0.575,0.0
P15,cnn,Fp1,0,0.53125,0.50875,0.022499999999999964,0.5,0.5125,-0.012499999999999956
P15,cnn,AF7,1,0.53125,0.5325,-0.0012499999999999734,0.5,0.5,0.0
P15,cnn,AF3,2,0.53125,0.53125,0.0,0.5,0.5375,-0.03749999999999998
P15,cnn,F1,3,0.53125,0.551875,-0.020625000000000004,0.5,0.5375,-0.03749999999999998
P15,cnn,F3,4,0.53125,0.5225,0.008750000000000036,0.5,0.5125,-0.012499999999999956
P15,cnn,F5,5,0.53125,0.5287499999999999,0.0025000000000000577,0.5,0.5125,-0.012499999999999956
P15,cnn,F7,6,0.53125,0.520625,0.010624999999999996,0.5,0.475,0.025000000000000022
P15,cnn,FT7,7,0.53125,0.54125,-0.010000000000000009,0.5,0.55,-0.050000000000000044
P15,cnn,FC5,8,0.53125,0.546875,-0.015625,0.5,0.575,-0.07499999999999996
P15,cnn,FC3,9,0.53125,0.501875,0.02937500000000004,0.5,0.4875,0.012500000000000011
P15,cnn,FC1,10,0.53125,0.5331250000000001,-0.001875000000000071,0.5,0.475,0.025000000000000022
P15,cnn,C1,11,0.53125,0.52875,0.0024999999999999467,0.5,0.5375,-0.03749999999999998
P15,cnn,C3,12,0.53125,0.52625,0.0050000000000000044,0.5,0.5375,-0.03749999999999998
P15,cnn,C5,13,0.53125,0.514375,0.016874999999999973,0.5,0.4875,0.012500000000000011
P15,cnn,T7,14,0.53125,0.5393749999999999,-0.008124999999999938,0.5,0.5125,-0.012499999999999956
P15,cnn,TP7,15,0.53125,0.54,-0.008750000000000036,0.5,0.5,0.0
P15,cnn,CP5,16,0.53125,0.5431250000000001,-0.01187500000000008,0.5,0.525,-0.025000000000000022
P15,cnn,CP3,17,0.53125,0.525625,0.005624999999999991,0.5,0.4875,0.012500000000000011
P15,cnn,CP1,18,0.53125,0.52,0.011249999999999982,0.5,0.5125,-0.012499999999999956
P15,cnn,P1,19,0.53125,0.5206249999999999,0.010625000000000107,0.5,0.5125,-0.012499999999999956
P15,cnn,P3,20,0.53125,0.529375,0.00187499999999996,0.5,0.475,0.025000000000000022
P15,cnn,P5,21,0.53125,0.52125,0.010000000000000009,0.5,0.5,0.0
P15,cnn,P7,22,0.53125,0.545,-0.01375000000000004,0.5,0.525,-0.025000000000000022
P15,cnn,P9,23,0.53125,0.524375,0.0068749999999999645,0.5,0.5125,-0.012499999999999956
P15,cnn,PO7,24,0.53125,0.525625,0.005624999999999991,0.5,0.5125,-0.012499999999999956
P15,cnn,PO3,25,0.53125,0.5081249999999999,0.023125000000000062,0.5,0.5,0.0
P15,cnn,O1,26,0.53125,0.54125,-0.010000000000000009,0.5,0.5,0.0
P15,cnn,Iz,27,0.53125,0.531875,-0.0006249999999999867,0.5,0.5,0.0
P15,cnn,Oz,28,0.53125,0.53125,0.0,0.5,0.525,-0.025000000000000022
P15,cnn,POz,29,0.53125,0.524375,0.0068749999999999645,0.5,0.525,-0.025000000000000022
P15,cnn,Pz,30,0.53125,0.531875,-0.0006249999999999867,0.5,0.4875,0.012500000000000011
P15,cnn,CPz,31,0.53125,0.5193749999999999,0.01187500000000008,0.5,0.5,0.0
P15,cnn,Fpz,32,0.53125,0.51875,0.012499999999999956,0.5,0.5375,-0.03749999999999998
P15,cnn,Fp2,33,0.53125,0.545,-0.01375000000000004,0.5,0.5625,-0.0625
P15,cnn,AF8,34,0.53125,0.519375,0.011874999999999969,0.5,0.5,0.0
P15,cnn,AF4,35,0.53125,0.515625,0.015625,0.5,0.4875,0.012500000000000011
P15,cnn,AFz,36,0.53125,0.52875,0.0024999999999999467,0.5,0.5,0.0
P15,cnn,Fz,37,0.53125,0.516875,0.014375000000000027,0.5,0.4875,0.012500000000000011
P15,cnn,F2,38,0.53125,0.53625,-0.0050000000000000044,0.5,0.5,0.0
P15,cnn,F4,39,0.53125,0.518125,0.013125000000000053,0.5,0.5125,-0.012499999999999956
P15,cnn,F6,40,0.53125,0.5225000000000001,0.008749999999999925,0.5,0.4875,0.012500000000000011
P15,cnn,F8,41,0.53125,0.5331250000000001,-0.001875000000000071,0.5,0.5,0.0
P15,cnn,FT8,42,0.53125,0.521875,0.009375000000000022,0.5,0.5125,-0.012499999999999956
P15,cnn,FC6,43,0.53125,0.528125,0.0031250000000000444,0.5,0.4875,0.012500000000000011
P15,cnn,FC4,44,0.53125,0.5125,0.018750000000000044,0.5,0.5,0.0
P15,cnn,FC2,45,0.53125,0.53375,-0.0024999999999999467,0.5,0.525,-0.025000000000000022
P15,cnn,FCz,46,0.53125,0.5175,0.01375000000000004,0.5,0.475,0.025000000000000022
P15,cnn,Cz,47,0.53125,0.53625,-0.0050000000000000044,0.5,0.4875,0.012500000000000011
P15,cnn,C2,48,0.53125,0.53625,-0.0050000000000000044,0.5,0.525,-0.025000000000000022
P15,cnn,C4,49,0.53125,0.5349999999999999,-0.00374999999999992,0.5,0.4875,0.012500000000000011
P15,cnn,C6,50,0.53125,0.5449999999999999,-0.013749999999999929,0.5,0.525,-0.025000000000000022
P15,cnn,T8,51,0.53125,0.528125,0.0031250000000000444,0.5,0.4875,0.012500000000000011
P15,cnn,TP8,52,0.53125,0.5175000000000001,0.013749999999999929,0.5,0.5,0.0
P15,cnn,CP6,53,0.53125,0.52375,0.007499999999999951,0.5,0.525,-0.025000000000000022
P15,cnn,CP4,54,0.53125,0.52125,0.010000000000000009,0.5,0.4875,0.012500000000000011
P15,cnn,CP2,55,0.53125,0.535625,-0.004375000000000018,0.5,0.4875,0.012500000000000011
P15,cnn,P2,56,0.53125,0.5237499999999999,0.007500000000000062,0.5,0.5,0.0
P15,cnn,P4,57,0.53125,0.5175000000000001,0.013749999999999929,0.5,0.4625,0.03749999999999998
P15,cnn,P6,58,0.53125,0.5343749999999999,-0.0031249999999999334,0.5,0.5125,-0.012499999999999956
P15,cnn,P8,59,0.53125,0.519375,0.011874999999999969,0.5,0.5125,-0.012499999999999956
P15,cnn,P10,60,0.53125,0.520625,0.010624999999999996,0.5,0.4875,0.012500000000000011
P15,cnn,PO8,61,0.53125,0.5231250000000001,0.008124999999999938,0.5,0.4875,0.012500000000000011
P15,cnn,PO4,62,0.53125,0.515625,0.015625,0.5,0.525,-0.025000000000000022
P15,cnn,O2,63,0.53125,0.54375,-0.012499999999999956,0.5,0.5,0.0
